poll_id,pollster_id,pollster,sponsor_ids,sponsors,display_name,pollster_rating_id,pollster_rating_name,numeric_grade,pollscore,methodology,transparency_score,state,start_date,date,sponsor_candidate_id,sponsor_candidate,sponsor_candidate_party,question_id,sample_size,population,subpopulation,population_full,tracking,created_at,notes,url,url_article,url_topline,url_crosstab,source,internal,partisan,yes,no,alternate_answers
88351,568,YouGov,352,Economist,YouGov,391,YouGov,3,-1.1,Online Panel,9,,9/21/2024,9/24/2024,,,,210670,1622,a,,a,,9/25/2024 9:36,,https://d3nkl3psvxxpe9.cloudfront.net/documents/econtoplines_Khpw06c.pdf,,https://d3nkl3psvxxpe9.cloudfront.net/documents/econtoplines_Khpw06c.pdf,https://d3nkl3psvxxpe9.cloudfront.net/documents/econTabReport_YtkV7hy.pdf,,,,34,53,13
88351,568,YouGov,352,Economist,YouGov,391,YouGov,3,-1.1,Online Panel,9,,9/21/2024,9/24/2024,,,,210671,1424,rv,,rv,,9/25/2024 9:36,,https://d3nkl3psvxxpe9.cloudfront.net/documents/econTabReport_YtkV7hy.pdf,,,https://d3nkl3psvxxpe9.cloudfront.net/documents/econTabReport_YtkV7hy.pdf,,,,38,53,8
88351,568,YouGov,352,Economist,YouGov,391,YouGov,3,-1.1,Online Panel,9,,9/21/2024,9/24/2024,,,,210672,1236,lv,,lv,,9/25/2024 9:36,,https://d3nkl3psvxxpe9.cloudfront.net/documents/econTabReport_YtkV7hy.pdf,,,https://d3nkl3psvxxpe9.cloudfront.net/documents/econTabReport_YtkV7hy.pdf,,,,38,54,8
88208,568,YouGov,352,Economist,YouGov,391,YouGov,3,-1.1,Online Panel,9,,9/15/2024,9/17/2024,,,,209862,1592,a,,a,,9/18/2024 9:57,,https://d3nkl3psvxxpe9.cloudfront.net/documents/econtoplines_4AQTHJt.pdf,,https://d3nkl3psvxxpe9.cloudfront.net/documents/econtoplines_4AQTHJt.pdf,https://d3nkl3psvxxpe9.cloudfront.net/documents/econTabReport_dUFR0mV.pdf,,,,36,49,15
88208,568,YouGov,352,Economist,YouGov,391,YouGov,3,-1.1,Online Panel,9,,9/15/2024,9/17/2024,,,,209863,1445,rv,,rv,,9/18/2024 9:57,,https://d3nkl3psvxxpe9.cloudfront.net/documents/econTabReport_dUFR0mV.pdf,,,https://d3nkl3psvxxpe9.cloudfront.net/documents/econTabReport_dUFR0mV.pdf,,,,42,51,8
88130,568,YouGov,352,Economist,YouGov,391,YouGov,3,-1.1,Online Panel,9,,9/8/2024,9/10/2024,,,,209134,1626,a,,a,,9/11/2024 9:46,,https://d3nkl3psvxxpe9.cloudfront.net/documents/econtoplines_zfe6xV0.pdf,,https://d3nkl3psvxxpe9.cloudfront.net/documents/econtoplines_zfe6xV0.pdf,https://d3nkl3psvxxpe9.cloudfront.net/documents/econTabReport_k1paNHZ.pdf,,,,36,50,15
88130,568,YouGov,352,Economist,YouGov,391,YouGov,3,-1.1,Online Panel,9,,9/8/2024,9/10/2024,,,,209135,1464,rv,,rv,,9/11/2024 9:46,,https://d3nkl3psvxxpe9.cloudfront.net/documents/econTabReport_k1paNHZ.pdf,,,https://d3nkl3psvxxpe9.cloudfront.net/documents/econTabReport_k1paNHZ.pdf,,,,39,52,9
88021,568,YouGov,352,Economist,YouGov,391,YouGov,3,-1.1,Online Panel,9,,9/1/2024,9/3/2024,,,,207723,1544,a,,a,,9/4/2024 9:33,,https://d3nkl3psvxxpe9.cloudfront.net/documents/econtoplines_H6rLeqi.pdf,,https://d3nkl3psvxxpe9.cloudfront.net/documents/econtoplines_H6rLeqi.pdf,https://d3nkl3psvxxpe9.cloudfront.net/documents/econTabReport_HIwtch9.pdf,,,,35,50,15
88021,568,YouGov,352,Economist,YouGov,391,YouGov,3,-1.1,Online Panel,9,,9/1/2024,9/3/2024,,,,207724,1389,rv,,rv,,9/4/2024 9:33,,https://d3nkl3psvxxpe9.cloudfront.net/documents/econTabReport_HIwtch9.pdf,,,https://d3nkl3psvxxpe9.cloudfront.net/documents/econTabReport_HIwtch9.pdf,,,,40,52,8
87920,568,YouGov,352,Economist,YouGov,391,YouGov,3,-1.1,Online Panel,9,,8/25/2024,8/27/2024,,,,207160,1555,a,,a,,8/28/2024 10:05,,https://d3nkl3psvxxpe9.cloudfront.net/documents/econtoplines_QiKoTUQ.pdf,,https://d3nkl3psvxxpe9.cloudfront.net/documents/econtoplines_QiKoTUQ.pdf,https://d3nkl3psvxxpe9.cloudfront.net/documents/econTabReport_EQQr3lh.pdf,,,,37,50,13
87920,568,YouGov,352,Economist,YouGov,391,YouGov,3,-1.1,Online Panel,9,,8/25/2024,8/27/2024,,,,207161,1368,rv,,rv,,8/28/2024 10:05,,https://d3nkl3psvxxpe9.cloudfront.net/documents/econTabReport_EQQr3lh.pdf,,,https://d3nkl3psvxxpe9.cloudfront.net/documents/econTabReport_EQQr3lh.pdf,,,,42,51,7
87853,568,YouGov,352,Economist,YouGov,391,YouGov,3,-1.1,Online Panel,9,,8/17/2024,8/20/2024,,,,206504,1565,a,,a,,8/21/2024 9:43,,https://d3nkl3psvxxpe9.cloudfront.net/documents/econtoplines_m7wODye.pdf,,https://d3nkl3psvxxpe9.cloudfront.net/documents/econtoplines_m7wODye.pdf,,,,,34,51,15
87853,568,YouGov,352,Economist,YouGov,391,YouGov,3,-1.1,Online Panel,9,,8/17/2024,8/20/2024,,,,206505,1371,rv,,rv,,8/21/2024 9:43,,https://d3nkl3psvxxpe9.cloudfront.net/documents/econTabReport_Dgf6Oqh.pdf,,,https://d3nkl3psvxxpe9.cloudfront.net/documents/econTabReport_Dgf6Oqh.pdf,,,,40,52,8
87760,568,YouGov,352,Economist,YouGov,391,YouGov,3,-1.1,Online Panel,9,,8/11/2024,8/13/2024,,,,205786,1567,a,,a,,8/14/2024 10:00,,https://d3nkl3psvxxpe9.cloudfront.net/documents/econtoplines_W3lebBm.pdf,,https://d3nkl3psvxxpe9.cloudfront.net/documents/econtoplines_W3lebBm.pdf,https://d3nkl3psvxxpe9.cloudfront.net/documents/econTabReport_8IEdK8V.pdf,,,,37,50,14
87760,568,YouGov,352,Economist,YouGov,391,YouGov,3,-1.1,Online Panel,9,,8/11/2024,8/13/2024,,,,205787,1407,rv,,rv,,8/14/2024 10:00,,https://d3nkl3psvxxpe9.cloudfront.net/documents/econTabReport_8IEdK8V.pdf,,,https://d3nkl3psvxxpe9.cloudfront.net/documents/econTabReport_8IEdK8V.pdf,,,,42,51,8
87696,568,YouGov,352,Economist,YouGov,391,YouGov,3,-1.1,Online Panel,9,,8/4/2024,8/6/2024,,,,205389,1618,a,,a,,8/7/2024 10:42,,https://d3nkl3psvxxpe9.cloudfront.net/documents/econtoplines_OHhDhBP.pdf,,https://d3nkl3psvxxpe9.cloudfront.net/documents/econtoplines_OHhDhBP.pdf,https://d3nkl3psvxxpe9.cloudfront.net/documents/econTabReport_qdE4wzP.pdf,,,,35,51,14
87696,568,YouGov,352,Economist,YouGov,391,YouGov,3,-1.1,Online Panel,9,,8/4/2024,8/6/2024,,,,205390,1413,rv,,rv,,8/7/2024 10:42,,https://d3nkl3psvxxpe9.cloudfront.net/documents/econTabReport_qdE4wzP.pdf,,,https://d3nkl3psvxxpe9.cloudfront.net/documents/econTabReport_qdE4wzP.pdf,,,,39,51,9
87665,1888,UMass Amherst/YouGov,1233,WCVB-TV,University of Massachusetts Department of Political Science/YouGov,861,University of Massachusetts Department of Political Science/YouGov,2.4,-0.4,Online Panel,7.5,,7/29/2024,8/1/2024,,,,205432,1000,rv,,rv,,8/7/2024 20:18,,https://umass-my.sharepoint.com/personal/crystalpaul_umass_edu/_layouts/15/onedrive.aspx?ga=1&id=%2Fpersonal%2Fcrystalpaul%5Fumass%5Fedu%2FDocuments%2FUMass%20Poll%20Polls%20for%20Web%20Posting%2FHarris%20Biden%20State%20of%20the%20Nation%20Poll%20%2D%20August%206%2C%202024%2FToplines%20Harris%20Biden%20State%20of%20the%20Nation%202024%20National%20Poll%20August%206%202024%2Epdf&parent=%2Fpersonal%2Fcrystalpaul%5Fumass%5Fedu%2FDocuments%2FUMass%20Poll%20Polls%20for%20Web%20Posting%2FHarris%20Biden%20State%20of%20the%20Nation%20Poll%20%2D%20August%206%2C%202024,,https://umass-my.sharepoint.com/personal/crystalpaul_umass_edu/_layouts/15/onedrive.aspx?ga=1&id=%2Fpersonal%2Fcrystalpaul%5Fumass%5Fedu%2FDocuments%2FUMass%20Poll%20Polls%20for%20Web%20Posting%2FHarris%20Biden%20State%20of%20the%20Nation%20Poll%20%2D%20August%206%2C%202024%2FToplines%20Harris%20Biden%20State%20of%20the%20Nation%202024%20National%20Poll%20August%206%202024%2Epdf&parent=%2Fpersonal%2Fcrystalpaul%5Fumass%5Fedu%2FDocuments%2FUMass%20Poll%20Polls%20for%20Web%20Posting%2FHarris%20Biden%20State%20of%20the%20Nation%20Poll%20%2D%20August%206%2C%202024,https://umass-my.sharepoint.com/personal/crystalpaul_umass_edu/_layouts/15/onedrive.aspx?ga=1&id=%2Fpersonal%2Fcrystalpaul%5Fumass%5Fedu%2FDocuments%2FUMass%20Poll%20Polls%20for%20Web%20Posting%2FHarris%20Biden%20State%20of%20the%20Nation%20Poll%20%2D%20August%206%2C%202024%2FCrosstabs%20Harris%20Biden%20State%20of%20the%20Nation%202024%20National%20Poll%20August%206%202024%2Epdf&parent=%2Fpersonal%2Fcrystalpaul%5Fumass%5Fedu%2FDocuments%2FUMass%20Poll%20Polls%20for%20Web%20Posting%2FHarris%20Biden%20State%20of%20the%20Nation%20Poll%20%2D%20August%206%2C%202024,,FALSE,,39,51,10
87699,1075,Marquette Law School,,,Marquette University Law School,195,Marquette University Law School,3,-1.1,Probability Panel,10,,7/24/2024,8/1/2024,,,,205613,1005,a,,a,,8/9/2024 11:24,,https://law.marquette.edu/poll/2024/08/09/detailed-results-of-the-marquette-law-school-supreme-court-poll-july-24-august-1-2024-supreme-court-issues/,https://law.marquette.edu/poll/2024/08/09/detailed-results-of-the-marquette-law-school-supreme-court-poll-july-24-august-1-2024-supreme-court-issues/,https://law.marquette.edu/poll/wp-content/uploads/2024/08/MLSPSC21Toplines_CourtItems.html,https://law.marquette.edu/poll/wp-content/uploads/2024/08/MLSPSC21Crosstabs_CourtItems.html#C1:_SCOTUS_approval,,,,43,57,0
87628,568,YouGov,352,Economist,YouGov,391,YouGov,3,-1.1,Online Panel,9,,7/27/2024,7/30/2024,,,,204821,1610,a,,a,,7/31/2024 10:06,,https://d3nkl3psvxxpe9.cloudfront.net/documents/econtoplines_46OGlnS.pdf,,https://d3nkl3psvxxpe9.cloudfront.net/documents/econtoplines_46OGlnS.pdf,https://d3nkl3psvxxpe9.cloudfront.net/documents/econTabReport_5LIBPv8.pdf,,,,34,51,15
87628,568,YouGov,352,Economist,YouGov,391,YouGov,3,-1.1,Online Panel,9,,7/27/2024,7/30/2024,,,,204822,1434,rv,,rv,,7/31/2024 10:06,,https://d3nkl3psvxxpe9.cloudfront.net/documents/econTabReport_5LIBPv8.pdf,,,https://d3nkl3psvxxpe9.cloudfront.net/documents/econTabReport_5LIBPv8.pdf,,,,38,53,9
87898,1102,Emerson,,,Emerson College,88,Emerson College,2.9,-1.1,Online Panel,7,,7/25/2024,7/28/2024,,,,206897,1000,rv,,rv,,8/26/2024 13:30,,https://emersoncollegepolling.com/2024-supreme-court-survey/,https://emersoncollegepolling.com/2024-supreme-court-survey/,,https://docs.google.com/spreadsheets/d/1GfcxThXCBtmsdcbl-9tD40NhDsP-z2bH/edit?gid=440731706#gid=440731706,,,,33.7,42.5,23.8
87536,568,YouGov,352,Economist,YouGov,391,YouGov,3,-1.1,Online Panel,9,,7/21/2024,7/23/2024,,,,204044,1605,a,,a,,7/24/2024 10:28,,https://d3nkl3psvxxpe9.cloudfront.net/documents/econtoplines_xHwAlQq.pdf,,https://d3nkl3psvxxpe9.cloudfront.net/documents/econtoplines_xHwAlQq.pdf,https://d3nkl3psvxxpe9.cloudfront.net/documents/econTabReport_U76IOiF.pdf,,,,34,52,14
87536,568,YouGov,352,Economist,YouGov,391,YouGov,3,-1.1,Online Panel,9,,7/21/2024,7/23/2024,,,,204045,1435,rv,,rv,,7/24/2024 10:28,,https://d3nkl3psvxxpe9.cloudfront.net/documents/econTabReport_U76IOiF.pdf,,,https://d3nkl3psvxxpe9.cloudfront.net/documents/econTabReport_U76IOiF.pdf,,,,39,53,7
87535,169,Gallup,,,Gallup,112,Gallup,2.5,-0.4,Live Phone,10,,7/1/2024,7/21/2024,,,,204764,1010,a,,a,,7/30/2024 10:22,,https://news.gallup.com/poll/647834/approval-supreme-court-stalled-near-historical-low.aspx,https://news.gallup.com/poll/647834/approval-supreme-court-stalled-near-historical-low.aspx,,,,,,43,52,5
87437,568,YouGov,352,Economist,YouGov,391,YouGov,3,-1.1,Online Panel,9,,7/13/2024,7/16/2024,,,,203250,1582,a,,a,,7/17/2024 10:04,,https://d3nkl3psvxxpe9.cloudfront.net/documents/econtoplines_SFkiutc.pdf,,https://d3nkl3psvxxpe9.cloudfront.net/documents/econtoplines_SFkiutc.pdf,https://d3nkl3psvxxpe9.cloudfront.net/documents/econTabReport_sPu9WiO.pdf,,,,33,53,14
87437,568,YouGov,352,Economist,YouGov,391,YouGov,3,-1.1,Online Panel,9,,7/13/2024,7/16/2024,,,,203251,1404,rv,,rv,,7/17/2024 10:04,,https://d3nkl3psvxxpe9.cloudfront.net/documents/econTabReport_sPu9WiO.pdf,,,https://d3nkl3psvxxpe9.cloudfront.net/documents/econTabReport_sPu9WiO.pdf,,,,38,54,8
87393,1597,Beacon/Shaw,149,FOX News,Beacon Research/Shaw & Company Research,103,Beacon Research/Shaw & Co. Research,2.8,-1.1,Live Phone/Text-to-Web,9,,7/7/2024,7/10/2024,,,,203208,1210,rv,,rv,,7/17/2024 9:44,,https://www.foxnews.com/official-polls/fox-news-poll-supreme-court-approval-rating-drops-record-low,https://www.foxnews.com/official-polls/fox-news-poll-supreme-court-approval-rating-drops-record-low,https://static.foxnews.com/foxnews.com/content/uploads/2024/07/Fox_July-7-10-2024_National_Topline_July-16-Release.pdf,https://static.foxnews.com/foxnews.com/content/uploads/2024/07/Fox_July-7-10-2024_National_Cross-Tabs_July-16-Release.pdf,,FALSE,,38,60,3
87363,568,YouGov,352,Economist,YouGov,391,YouGov,3,-1.1,Online Panel,9,,7/7/2024,7/9/2024,,,,202535,1620,a,,a,,7/10/2024 10:17,,https://d3nkl3psvxxpe9.cloudfront.net/documents/econtoplines_fWHOrrW.pdf,,https://d3nkl3psvxxpe9.cloudfront.net/documents/econtoplines_fWHOrrW.pdf,https://d3nkl3psvxxpe9.cloudfront.net/documents/econTabReport_RptTnGc.pdf,,,,36,52,13
87363,568,YouGov,352,Economist,YouGov,391,YouGov,3,-1.1,Online Panel,9,,7/7/2024,7/9/2024,,,,202536,1443,rv,,rv,,7/10/2024 10:17,,https://d3nkl3psvxxpe9.cloudfront.net/documents/econTabReport_RptTnGc.pdf,,,https://d3nkl3psvxxpe9.cloudfront.net/documents/econTabReport_RptTnGc.pdf,,,,41,51,8
87300,568,YouGov,352,Economist,YouGov,391,YouGov,3,-1.1,Online Panel,9,,6/30/2024,7/2/2024,,,,201991,1608,a,,a,,7/3/2024 9:41,,https://d3nkl3psvxxpe9.cloudfront.net/documents/econtoplines_1ZQDEgl.pdf,,https://d3nkl3psvxxpe9.cloudfront.net/documents/econtoplines_1ZQDEgl.pdf,https://d3nkl3psvxxpe9.cloudfront.net/documents/econTabReport_xTDr4ON.pdf,,,,36,50,14
87300,568,YouGov,352,Economist,YouGov,391,YouGov,3,-1.1,Online Panel,9,,6/30/2024,7/2/2024,,,,201992,1392,rv,,rv,,7/3/2024 9:41,,https://d3nkl3psvxxpe9.cloudfront.net/documents/econTabReport_xTDr4ON.pdf,,,https://d3nkl3psvxxpe9.cloudfront.net/documents/econTabReport_xTDr4ON.pdf,,,,40,51,8
87244,568,YouGov,352,Economist,YouGov,391,YouGov,3,-1.1,Online Panel,9,,6/23/2024,6/25/2024,,,,201430,1599,a,,a,,6/26/2024 10:46,,https://d3nkl3psvxxpe9.cloudfront.net/documents/econtoplines_8Xhha4w.pdf,,https://d3nkl3psvxxpe9.cloudfront.net/documents/econtoplines_8Xhha4w.pdf,https://d3nkl3psvxxpe9.cloudfront.net/documents/econTabReport_DqmBE9q.pdf,,,,36,48,16
87244,568,YouGov,352,Economist,YouGov,391,YouGov,3,-1.1,Online Panel,9,,6/23/2024,6/25/2024,,,,201431,1406,rv,,rv,,6/26/2024 10:46,,https://d3nkl3psvxxpe9.cloudfront.net/documents/econTabReport_DqmBE9q.pdf,,,https://d3nkl3psvxxpe9.cloudfront.net/documents/econTabReport_DqmBE9q.pdf,,,,41,50,8
87247,396,Quinnipiac,,,Quinnipiac University,267,Quinnipiac University,2.8,-0.5,Live Phone,9,,6/20/2024,6/24/2024,,,,201481,1568,a,,a,,6/26/2024 14:16,,https://poll.qu.edu/images/polling/us/us06262024_trends_ummk42.pdf,,https://poll.qu.edu/images/polling/us/us06262024_trends_ummk42.pdf,https://poll.qu.edu/poll-release?releaseid=3900,,,,36,54,10
87247,396,Quinnipiac,,,Quinnipiac University,267,Quinnipiac University,2.8,-0.5,Live Phone,9,,6/20/2024,6/24/2024,,,,201482,1405,rv,,rv,,6/26/2024 14:16,,https://poll.qu.edu/poll-release?releaseid=3900,,,https://poll.qu.edu/poll-release?releaseid=3900,,,,37,54,9
87204,568,YouGov,352,Economist,YouGov,391,YouGov,3,-1.1,Online Panel,9,,6/16/2024,6/18/2024,,,,201217,1600,a,,a,,6/20/2024 9:34,,https://d3nkl3psvxxpe9.cloudfront.net/documents/econtoplines_hoa7Ul9.pdf,,https://d3nkl3psvxxpe9.cloudfront.net/documents/econtoplines_hoa7Ul9.pdf,https://d3nkl3psvxxpe9.cloudfront.net/documents/econTabReport_BAWCOh6.pdf,,,,35,50,15
87204,568,YouGov,352,Economist,YouGov,391,YouGov,3,-1.1,Online Panel,9,,6/16/2024,6/18/2024,,,,201218,1396,rv,,rv,,6/20/2024 9:34,,https://d3nkl3psvxxpe9.cloudfront.net/documents/econTabReport_BAWCOh6.pdf,,,https://d3nkl3psvxxpe9.cloudfront.net/documents/econTabReport_BAWCOh6.pdf,,,,39,52,9
87150,568,YouGov,352,Economist,YouGov,391,YouGov,3,-1.1,Online Panel,9,,6/9/2024,6/11/2024,,,,200750,1595,a,,a,,6/12/2024 10:54,,https://d3nkl3psvxxpe9.cloudfront.net/documents/econtoplines_MbPLbQp.pdf,,https://d3nkl3psvxxpe9.cloudfront.net/documents/econtoplines_MbPLbQp.pdf,https://d3nkl3psvxxpe9.cloudfront.net/documents/econTabReport_maqVHQt.pdf,,,,34,50,15
87150,568,YouGov,352,Economist,YouGov,391,YouGov,3,-1.1,Online Panel,9,,6/9/2024,6/11/2024,,,,200751,1399,rv,,rv,,6/12/2024 10:54,,https://d3nkl3psvxxpe9.cloudfront.net/documents/econTabReport_maqVHQt.pdf,,,https://d3nkl3psvxxpe9.cloudfront.net/documents/econTabReport_maqVHQt.pdf,,,,39,52,9
87102,568,YouGov,352,Economist,YouGov,391,YouGov,3,-1.1,Online Panel,9,,6/2/2024,6/4/2024,,,,200444,1766,a,,a,,6/5/2024 10:14,,https://d3nkl3psvxxpe9.cloudfront.net/documents/econtoplines_x5cabBL.pdf,,https://d3nkl3psvxxpe9.cloudfront.net/documents/econtoplines_x5cabBL.pdf,https://d3nkl3psvxxpe9.cloudfront.net/documents/econTabReport_b6cGJcE.pdf,,,,33,51,15
87102,568,YouGov,352,Economist,YouGov,391,YouGov,3,-1.1,Online Panel,9,,6/2/2024,6/4/2024,,,,200445,1566,rv,,rv,,6/5/2024 10:14,,https://d3nkl3psvxxpe9.cloudfront.net/documents/econTabReport_b6cGJcE.pdf,,,https://d3nkl3psvxxpe9.cloudfront.net/documents/econTabReport_b6cGJcE.pdf,,,,37,54,9
87149,217,High Point University,,,High Point University Survey Research Center,139,High Point University Survey Research Center,2.5,-0.4,Online Panel,8,,5/22/2024,5/29/2024,,,,200734,1000,a,,a,,6/11/2024 19:09,,https://www.highpoint.edu/src/files/2023/08/104memo.pdf,,https://www.highpoint.edu/src/files/2023/08/104memo.pdf,,,,,36,48,17
87149,217,High Point University,,,High Point University Survey Research Center,139,High Point University Survey Research Center,2.5,-0.4,Online Panel,8,,5/22/2024,5/29/2024,,,,200735,850,rv,,rv,,6/11/2024 19:09,,https://www.highpoint.edu/src/files/2023/08/104memo.pdf,,https://www.highpoint.edu/src/files/2023/08/104memo.pdf,,,,,38,49,13
87051,568,YouGov,352,Economist,YouGov,391,YouGov,3,-1.1,Online Panel,9,,5/25/2024,5/28/2024,,,,200182,1748,a,,a,,5/29/2024 10:05,,https://d3nkl3psvxxpe9.cloudfront.net/documents/econtoplines_pqZR1wO.pdf,,https://d3nkl3psvxxpe9.cloudfront.net/documents/econtoplines_pqZR1wO.pdf,https://d3nkl3psvxxpe9.cloudfront.net/documents/econTabReport_5ePXwWM.pdf,,,,34,50,16
87051,568,YouGov,352,Economist,YouGov,391,YouGov,3,-1.1,Online Panel,9,,5/25/2024,5/28/2024,,,,200183,1547,rv,,rv,,5/29/2024 10:05,,https://d3nkl3psvxxpe9.cloudfront.net/documents/econTabReport_5ePXwWM.pdf,,,https://d3nkl3psvxxpe9.cloudfront.net/documents/econTabReport_5ePXwWM.pdf,,,,38,52,10
86985,568,YouGov,352,Economist,YouGov,391,YouGov,3,-1.1,Online Panel,9,,5/19/2024,5/21/2024,,,,199577,1784,a,,a,,5/22/2024 11:37,,https://d3nkl3psvxxpe9.cloudfront.net/documents/econtoplines_s4KUtSf.pdf,,https://d3nkl3psvxxpe9.cloudfront.net/documents/econtoplines_s4KUtSf.pdf,https://d3nkl3psvxxpe9.cloudfront.net/documents/econTabReport_9aJ08Ik.pdf,,,,33,53,14
86985,568,YouGov,352,Economist,YouGov,391,YouGov,3,-1.1,Online Panel,9,,5/19/2024,5/21/2024,,,,199578,1560,rv,,rv,,5/22/2024 11:37,,https://d3nkl3psvxxpe9.cloudfront.net/documents/econTabReport_9aJ08Ik.pdf,,,https://d3nkl3psvxxpe9.cloudfront.net/documents/econTabReport_9aJ08Ik.pdf,,,,39,52,9
86995,1075,Marquette Law School,,,Marquette University Law School,195,Marquette University Law School,3,-1.1,Probability Panel,10,,5/6/2024,5/15/2024,,,,199582,1033,a,,a,,5/22/2024 11:37,,https://law.marquette.edu/poll/wp-content/uploads/2024/05/MLSPSC20Toplines_CourtItems.html,,https://law.marquette.edu/poll/wp-content/uploads/2024/05/MLSPSC20Toplines_CourtItems.html,https://law.marquette.edu/poll/wp-content/uploads/2024/05/MLSPSC20Crosstabs_CourtItems.html,,,,39,61,0
86995,1075,Marquette Law School,,,Marquette University Law School,195,Marquette University Law School,3,-1.1,Probability Panel,10,,5/6/2024,5/15/2024,,,,199586,793,rv,,rv,,5/22/2024 11:38,,https://law.marquette.edu/poll/wp-content/uploads/2024/05/MLSPSC20Toplines_CourtItems.html,,https://law.marquette.edu/poll/wp-content/uploads/2024/05/MLSPSC20Toplines_CourtItems.html,https://law.marquette.edu/poll/wp-content/uploads/2024/05/MLSPSC20Crosstabs_CourtItems.html,,,,39,61,0
86995,1075,Marquette Law School,,,Marquette University Law School,195,Marquette University Law School,3,-1.1,Probability Panel,10,,5/6/2024,5/15/2024,,,,199798,684,lv,,lv,,5/23/2024 9:42,,https://law.marquette.edu/poll/2024/05/23/detailed-results-of-the-marquette-law-school-supreme-court-poll-may-6-15-2024-2/,https://law.marquette.edu/poll/2024/05/23/detailed-results-of-the-marquette-law-school-supreme-court-poll-may-6-15-2024-2/,https://law.marquette.edu/poll/wp-content/uploads/2024/05/MLSPSC20ToplinesLV.html,,,,,40,60,0
86949,568,YouGov,352,Economist,YouGov,391,YouGov,3,-1.1,Online Panel,9,,5/12/2024,5/14/2024,,,,199053,1830,a,,a,,5/15/2024 10:27,,https://d3nkl3psvxxpe9.cloudfront.net/documents/econtoplines_eJHOoqw.pdf,,https://d3nkl3psvxxpe9.cloudfront.net/documents/econtoplines_eJHOoqw.pdf,https://d3nkl3psvxxpe9.cloudfront.net/documents/econTabReport_nURRSN3.pdf,,,,35,51,14
86949,568,YouGov,352,Economist,YouGov,391,YouGov,3,-1.1,Online Panel,9,,5/12/2024,5/14/2024,,,,199054,1586,rv,,rv,,5/15/2024 10:27,,https://d3nkl3psvxxpe9.cloudfront.net/documents/econTabReport_nURRSN3.pdf,,,https://d3nkl3psvxxpe9.cloudfront.net/documents/econTabReport_nURRSN3.pdf,,,,38,51,10
86876,568,YouGov,352,Economist,YouGov,391,YouGov,3,-1.1,Online Panel,9,,5/5/2024,5/7/2024,,,,198565,1813,a,,a,,5/8/2024 10:56,,https://d3nkl3psvxxpe9.cloudfront.net/documents/econTabReport_Agwhapd.pdf,,,https://d3nkl3psvxxpe9.cloudfront.net/documents/econTabReport_Agwhapd.pdf,,,,32,54,14
86876,568,YouGov,352,Economist,YouGov,391,YouGov,3,-1.1,Online Panel,9,,5/5/2024,5/7/2024,,,,198566,1598,rv,,rv,,5/8/2024 10:56,,https://d3nkl3psvxxpe9.cloudfront.net/documents/econTabReport_Agwhapd.pdf,,,https://d3nkl3psvxxpe9.cloudfront.net/documents/econTabReport_Agwhapd.pdf,,,,36,55,9
86773,568,YouGov,352,Economist,YouGov,391,YouGov,3,-1.1,Online Panel,9,,4/28/2024,4/30/2024,,,,197964,1755,a,,a,,5/1/2024 10:35,,https://d3nkl3psvxxpe9.cloudfront.net/documents/econtoplines_Jii0w9t.pdf,,https://d3nkl3psvxxpe9.cloudfront.net/documents/econtoplines_Jii0w9t.pdf,https://d3nkl3psvxxpe9.cloudfront.net/documents/econTabReport_0NJUiMQ.pdf,,,,34,51,16
86773,568,YouGov,352,Economist,YouGov,391,YouGov,3,-1.1,Online Panel,9,,4/28/2024,4/30/2024,,,,197965,1479,rv,,rv,,5/1/2024 10:35,,https://d3nkl3psvxxpe9.cloudfront.net/documents/econTabReport_0NJUiMQ.pdf,,,https://d3nkl3psvxxpe9.cloudfront.net/documents/econTabReport_0NJUiMQ.pdf,,,,37,53,9
86717,568,YouGov,352,Economist,YouGov,391,YouGov,3,-1.1,Online Panel,9,,4/21/2024,4/23/2024,,,,197166,1651,a,,a,,4/24/2024 11:05,,https://d3nkl3psvxxpe9.cloudfront.net/documents/econtoplines_20240422.pd,,https://d3nkl3psvxxpe9.cloudfront.net/documents/econtoplines_20240422.pd,https://d3nkl3psvxxpe9.cloudfront.net/documents/econTabReport_20240422.pdf,,,,35,54,11
86717,568,YouGov,352,Economist,YouGov,391,YouGov,3,-1.1,Online Panel,9,,4/21/2024,4/23/2024,,,,197167,1470,rv,,rv,,4/24/2024 11:05,,https://d3nkl3psvxxpe9.cloudfront.net/documents/econTabReport_20240422.pdf,,,https://d3nkl3psvxxpe9.cloudfront.net/documents/econTabReport_20240422.pdf,,,,37,56,7
86671,568,YouGov,352,Economist,YouGov,391,YouGov,3,-1.1,Online Panel,9,,4/14/2024,4/16/2024,,,,196645,1574,a,,a,,4/17/2024 9:43,,https://d3nkl3psvxxpe9.cloudfront.net/documents/econtoplines_HUWb9FO.pdf,,https://d3nkl3psvxxpe9.cloudfront.net/documents/econtoplines_HUWb9FO.pdf,https://d3nkl3psvxxpe9.cloudfront.net/documents/econTabReport_HqmM53D.pdf,,,,36,49,15
86671,568,YouGov,352,Economist,YouGov,391,YouGov,3,-1.1,Online Panel,9,,4/14/2024,4/16/2024,,,,196646,1358,rv,,rv,,4/17/2024 9:43,,https://d3nkl3psvxxpe9.cloudfront.net/documents/econTabReport_HqmM53D.pdf,,,https://d3nkl3psvxxpe9.cloudfront.net/documents/econTabReport_HqmM53D.pdf,,,,40,51,9
86631,568,YouGov,352,Economist,YouGov,391,YouGov,3,-1.1,Online Panel,9,,4/6/2024,4/9/2024,,,,196317,1795,a,,a,,4/10/2024 10:09,,https://d3nkl3psvxxpe9.cloudfront.net/documents/econtoplines_YmA9r9F.pdf,,https://d3nkl3psvxxpe9.cloudfront.net/documents/econtoplines_YmA9r9F.pdf,https://d3nkl3psvxxpe9.cloudfront.net/documents/econTabReport_lMxEeEw.pdf,,,,36,51,13
86631,568,YouGov,352,Economist,YouGov,391,YouGov,3,-1.1,Online Panel,9,,4/6/2024,4/9/2024,,,,196318,1583,rv,,rv,,4/10/2024 10:09,,https://d3nkl3psvxxpe9.cloudfront.net/documents/econTabReport_lMxEeEw.pdf,,,https://d3nkl3psvxxpe9.cloudfront.net/documents/econTabReport_lMxEeEw.pdf,,,,40,52,8
86592,568,YouGov,352,Economist,YouGov,391,YouGov,3,-1.1,Online Panel,9,,3/30/2024,4/2/2024,,,,195985,1813,a,,a,,4/3/2024 11:58,,https://d3nkl3psvxxpe9.cloudfront.net/documents/econtoplines_XCNmw8x.pdf,,https://d3nkl3psvxxpe9.cloudfront.net/documents/econtoplines_XCNmw8x.pdf,https://d3nkl3psvxxpe9.cloudfront.net/documents/econTabReport_5VGK6NY.pdf,,,,34,54,12
86592,568,YouGov,352,Economist,YouGov,391,YouGov,3,-1.1,Online Panel,9,,3/30/2024,4/2/2024,,,,195986,1604,rv,,rv,,4/3/2024 11:58,,https://d3nkl3psvxxpe9.cloudfront.net/documents/econTabReport_5VGK6NY.pdf,,,https://d3nkl3psvxxpe9.cloudfront.net/documents/econTabReport_5VGK6NY.pdf,,,,37,55,8
86591,1075,Marquette Law School,,,Marquette University Law School,195,Marquette University Law School,3,-1.1,Probability Panel,10,,3/18/2024,3/28/2024,,,,195968,1000,a,,a,,4/3/2024 10:59,,https://law.marquette.edu/poll/wp-content/uploads/2024/04/MLSPSC19PressRelease_CourtIssues.pdf,https://law.marquette.edu/poll/wp-content/uploads/2024/04/MLSPSC19PressRelease_CourtIssues.pdf,https://law.marquette.edu/poll/wp-content/uploads/2024/04/MLSPSC19Toplines_CourtItems.html,https://law.marquette.edu/poll/wp-content/uploads/2024/04/MLSPSC19Crosstabs_CourtItems.html,,,,47,53,0
86591,1075,Marquette Law School,,,Marquette University Law School,195,Marquette University Law School,3,-1.1,Probability Panel,10,,3/18/2024,3/28/2024,,,,196155,868,rv,,rv,,4/4/2024 9:55,,https://law.marquette.edu/poll/2024/04/03/detailed-results-of-the-marquette-law-school-supreme-court-poll-march-18-28-2024-2/,https://law.marquette.edu/poll/2024/04/03/detailed-results-of-the-marquette-law-school-supreme-court-poll-march-18-28-2024-2/,https://law.marquette.edu/poll/wp-content/uploads/2024/04/MLSPSC19ToplinesRV.html,,,,,47,53,0
86591,1075,Marquette Law School,,,Marquette University Law School,195,Marquette University Law School,3,-1.1,Probability Panel,10,,3/18/2024,3/28/2024,,,,196156,674,lv,,lv,,4/4/2024 9:55,,https://law.marquette.edu/poll/2024/04/03/detailed-results-of-the-marquette-law-school-supreme-court-poll-march-18-28-2024-2/,https://law.marquette.edu/poll/2024/04/03/detailed-results-of-the-marquette-law-school-supreme-court-poll-march-18-28-2024-2/,https://law.marquette.edu/poll/wp-content/uploads/2024/04/MLSPSC19ToplinesLV.html,,,,,48,52,0
86558,568,YouGov,352,Economist,YouGov,391,YouGov,3,-1.1,Online Panel,9,,3/24/2024,3/26/2024,,,,195436,1594,a,,a,,3/27/2024 12:16,,https://d3nkl3psvxxpe9.cloudfront.net/documents/econtoplines_OIu7o2C.pdf,,https://d3nkl3psvxxpe9.cloudfront.net/documents/econtoplines_OIu7o2C.pdf,https://d3nkl3psvxxpe9.cloudfront.net/documents/econTabReport_mTlzQOB.pdf,,,,32,54,14
86558,568,YouGov,352,Economist,YouGov,391,YouGov,3,-1.1,Online Panel,9,,3/24/2024,3/26/2024,,,,195437,1415,rv,,rv,,3/27/2024 12:16,,https://d3nkl3psvxxpe9.cloudfront.net/documents/econTabReport_mTlzQOB.pdf,,,https://d3nkl3psvxxpe9.cloudfront.net/documents/econTabReport_mTlzQOB.pdf,,,,37,55,8
86559,396,Quinnipiac,,,Quinnipiac University,267,Quinnipiac University,2.8,-0.5,Live Phone,9,,3/21/2024,3/25/2024,,,,195514,1407,rv,,rv,,3/27/2024 14:16,,https://poll.qu.edu/poll-release?releaseid=3894,https://poll.qu.edu/poll-release?releaseid=3894,,,,,,34,58,8
86559,396,Quinnipiac,,,Quinnipiac University,267,Quinnipiac University,2.8,-0.5,Live Phone,9,,3/21/2024,3/25/2024,,,,195518,1569,a,,a,,3/27/2024 14:16,,https://poll.qu.edu/poll-release?releaseid=3894,https://poll.qu.edu/poll-release?releaseid=3894,https://poll.qu.edu/images/polling/us/us03272024_trends_uyex26.pdf,,,,,32,58,10
86498,568,YouGov,352,Economist,YouGov,391,YouGov,3,-1.1,Online Panel,9,,3/16/2024,3/19/2024,,,,194821,1682,a,,a,,3/20/2024 11:22,,https://d3nkl3psvxxpe9.cloudfront.net/documents/econtoplines_pFmhP6O.pdf,,https://d3nkl3psvxxpe9.cloudfront.net/documents/econtoplines_pFmhP6O.pdf,https://d3nkl3psvxxpe9.cloudfront.net/documents/econTabReport_dyZbfXi.pdf,,,,36,50,14
86498,568,YouGov,352,Economist,YouGov,391,YouGov,3,-1.1,Online Panel,9,,3/16/2024,3/19/2024,,,,194822,1510,rv,,rv,,3/20/2024 11:22,,https://d3nkl3psvxxpe9.cloudfront.net/documents/econTabReport_dyZbfXi.pdf,,,https://d3nkl3psvxxpe9.cloudfront.net/documents/econTabReport_dyZbfXi.pdf,,,,39,51,10
86463,568,YouGov,352,Economist,YouGov,391,YouGov,3,-1.1,Online Panel,9,,3/10/2024,3/12/2024,,,,194573,1559,a,,a,,3/13/2024 10:39,,https://d3nkl3psvxxpe9.cloudfront.net/documents/econtoplines_F5x8o9g.pdf,,https://d3nkl3psvxxpe9.cloudfront.net/documents/econtoplines_F5x8o9g.pdf,https://d3nkl3psvxxpe9.cloudfront.net/documents/econTabReport_Ba6mR1n.pdf,,,,43,44,14
86463,568,YouGov,352,Economist,YouGov,391,YouGov,3,-1.1,Online Panel,9,,3/10/2024,3/12/2024,,,,194574,1367,rv,,rv,,3/13/2024 10:39,,https://d3nkl3psvxxpe9.cloudfront.net/documents/econTabReport_Ba6mR1n.pdf,,,https://d3nkl3psvxxpe9.cloudfront.net/documents/econTabReport_Ba6mR1n.pdf,,,,47,44,9
86459,568,YouGov,1213,Yahoo News,YouGov,391,YouGov,3,-1.1,Online Panel,9,,3/8/2024,3/11/2024,,,,194677,1482,a,,a,,3/15/2024 13:58,,https://www.yahoo.com/news/yahoo-newsyougov-poll-no-state-of-the-union-bump-for-biden-190451496.html,https://www.yahoo.com/news/yahoo-newsyougov-poll-no-state-of-the-union-bump-for-biden-190451496.html,,https://d3nkl3psvxxpe9.cloudfront.net/documents/20240311_yahoo_combined.pdf,,,,42,45,13
86459,568,YouGov,1213,Yahoo News,YouGov,391,YouGov,3,-1.1,Online Panel,9,,3/8/2024,3/11/2024,,,,194678,992,rv,,rv,,3/15/2024 13:58,,https://www.yahoo.com/news/yahoo-newsyougov-poll-no-state-of-the-union-bump-for-biden-190451496.html,https://www.yahoo.com/news/yahoo-newsyougov-poll-no-state-of-the-union-bump-for-biden-190451496.html,,https://d3nkl3psvxxpe9.cloudfront.net/documents/20240311_yahoo_combined.pdf,,,,47,45,8
86297,568,YouGov,352,Economist,YouGov,391,YouGov,3,-1.1,Online Panel,9,,3/3/2024,3/5/2024,,,,194162,1556,a,,a,,3/6/2024 11:04,,https://d3nkl3psvxxpe9.cloudfront.net/documents/econtoplines_9OpjhGt.pdf,,https://d3nkl3psvxxpe9.cloudfront.net/documents/econtoplines_9OpjhGt.pdf,https://d3nkl3psvxxpe9.cloudfront.net/documents/econTabReport_nmFBeqb.pdf,,,,40,48,12
86297,568,YouGov,352,Economist,YouGov,391,YouGov,3,-1.1,Online Panel,9,,3/3/2024,3/5/2024,,,,194163,1450,rv,,rv,,3/6/2024 11:04,,https://d3nkl3psvxxpe9.cloudfront.net/documents/econTabReport_nmFBeqb.pdf,,,https://d3nkl3psvxxpe9.cloudfront.net/documents/econTabReport_nmFBeqb.pdf,,,,41,50,9
86215,568,YouGov,352,Economist,YouGov,391,YouGov,3,-1.1,Online Panel,9,,2/25/2024,2/27/2024,,,,193709,1688,a,,a,,2/28/2024 9:58,,https://d3nkl3psvxxpe9.cloudfront.net/documents/econtoplines_XFw0j7s.pdf,,https://d3nkl3psvxxpe9.cloudfront.net/documents/econtoplines_XFw0j7s.pdf,https://d3nkl3psvxxpe9.cloudfront.net/documents/econTabReport_hi9l9P2.pdf,,,,38,49,13
86215,568,YouGov,352,Economist,YouGov,391,YouGov,3,-1.1,Online Panel,9,,2/25/2024,2/27/2024,,,,193710,1498,rv,,rv,,2/28/2024 9:58,,https://d3nkl3psvxxpe9.cloudfront.net/documents/econTabReport_hi9l9P2.pdf,,,https://d3nkl3psvxxpe9.cloudfront.net/documents/econTabReport_hi9l9P2.pdf,,,,41,52,8
86145,568,YouGov,352,Economist,YouGov,391,YouGov,3,-1.1,Online Panel,9,,2/18/2024,2/20/2024,,,,193104,1562,a,,a,,2/21/2024 10:58,,https://d3nkl3psvxxpe9.cloudfront.net/documents/econtoplines_J89zQ0v.pdf,,https://d3nkl3psvxxpe9.cloudfront.net/documents/econtoplines_J89zQ0v.pdf,https://d3nkl3psvxxpe9.cloudfront.net/documents/econTabReport_LbK5uKN.pdf,,,,46,39,14
86145,568,YouGov,352,Economist,YouGov,391,YouGov,3,-1.1,Online Panel,9,,2/18/2024,2/20/2024,,,,193105,1360,rv,,rv,,2/21/2024 10:58,,https://d3nkl3psvxxpe9.cloudfront.net/documents/econTabReport_LbK5uKN.pdf,,,https://d3nkl3psvxxpe9.cloudfront.net/documents/econTabReport_LbK5uKN.pdf,,,,48,42,9
86148,1075,Marquette Law School,,,Marquette University Law School,195,Marquette University Law School,3,-1.1,Probability Panel,10,,2/5/2024,2/15/2024,,,,193136,1003,a,,a,,2/21/2024 15:29,,https://law.marquette.edu/poll/2024/02/20/detailed-results-of-the-marquette-law-school-supreme-court-poll-february-5-15-2024/,https://law.marquette.edu/poll/2024/02/20/detailed-results-of-the-marquette-law-school-supreme-court-poll-february-5-15-2024/,https://law.marquette.edu/poll/wp-content/uploads/2024/02/MLSPSC18Toplines_CourtItems.html,https://law.marquette.edu/poll/wp-content/uploads/2024/02/MLSPSC18Crosstabs_CourtItems.html,,,,40,60,0
86148,1075,Marquette Law School,,,Marquette University Law School,195,Marquette University Law School,3,-1.1,Probability Panel,10,,2/5/2024,2/15/2024,,,,193137,787,rv,,rv,,2/21/2024 15:29,,https://law.marquette.edu/poll/2024/02/20/detailed-results-of-the-marquette-law-school-supreme-court-poll-february-5-15-2024/,https://law.marquette.edu/poll/2024/02/20/detailed-results-of-the-marquette-law-school-supreme-court-poll-february-5-15-2024/,,,,,,45,55,0
86148,1075,Marquette Law School,,,Marquette University Law School,195,Marquette University Law School,3,-1.1,Probability Panel,10,,2/5/2024,2/15/2024,,,,193443,628,lv,,lv,,2/22/2024 9:45,,https://law.marquette.edu/poll/2024/02/21/detailed-results-of-the-marquette-law-school-supreme-court-poll-february-5-15-2024-2/,https://law.marquette.edu/poll/2024/02/21/detailed-results-of-the-marquette-law-school-supreme-court-poll-february-5-15-2024-2/,https://law.marquette.edu/poll/wp-content/uploads/2024/02/MLSPSC18ToplinesLV.html,,,,,43,57,0
85938,568,YouGov,352,Economist,YouGov,391,YouGov,3,-1.1,Online Panel,9,,2/11/2024,2/13/2024,,,,192071,1671,a,,a,,2/14/2024 10:34,,https://d3nkl3psvxxpe9.cloudfront.net/documents/econtoplines_CLPOIop.pdf,,https://d3nkl3psvxxpe9.cloudfront.net/documents/econtoplines_CLPOIop.pdf,https://d3nkl3psvxxpe9.cloudfront.net/documents/econTabReport_bC3K16R.pdf,,,,42,44,14
85938,568,YouGov,352,Economist,YouGov,391,YouGov,3,-1.1,Online Panel,9,,2/11/2024,2/13/2024,,,,192072,1470,rv,,rv,,2/14/2024 10:34,,https://d3nkl3psvxxpe9.cloudfront.net/documents/econTabReport_bC3K16R.pdf,,,https://d3nkl3psvxxpe9.cloudfront.net/documents/econTabReport_bC3K16R.pdf,,,,45,46,9
85859,568,YouGov,352,Economist,YouGov,391,YouGov,3,-1.1,Online Panel,9,,2/4/2024,2/6/2024,,,,191821,1591,a,,a,,2/7/2024 10:42,,https://d3nkl3psvxxpe9.cloudfront.net/documents/econtoplines_PJ4ynwY.pdf,,https://d3nkl3psvxxpe9.cloudfront.net/documents/econtoplines_PJ4ynwY.pdf,https://d3nkl3psvxxpe9.cloudfront.net/documents/econTabReport_H1zTWuF.pdf,,,,39,49,12
85859,568,YouGov,352,Economist,YouGov,391,YouGov,3,-1.1,Online Panel,9,,2/4/2024,2/6/2024,,,,191822,1399,rv,,rv,,2/7/2024 10:42,,https://d3nkl3psvxxpe9.cloudfront.net/documents/econTabReport_H1zTWuF.pdf,,,https://d3nkl3psvxxpe9.cloudfront.net/documents/econTabReport_H1zTWuF.pdf,,,,41,50,8
85772,568,YouGov,352,Economist,YouGov,391,YouGov,3,-1.1,Online Panel,9,,1/28/2024,1/30/2024,,,,191356,1686,a,,a,,1/31/2024 10:59,,https://d3nkl3psvxxpe9.cloudfront.net/documents/econtoplines_f35zM8U.pdf,,https://d3nkl3psvxxpe9.cloudfront.net/documents/econtoplines_f35zM8U.pdf,https://d3nkl3psvxxpe9.cloudfront.net/documents/econTabReport_f5kOruS.pdf,,,,31,54,16
85772,568,YouGov,352,Economist,YouGov,391,YouGov,3,-1.1,Online Panel,9,,1/28/2024,1/30/2024,,,,191357,1486,rv,,rv,,1/31/2024 10:59,,https://d3nkl3psvxxpe9.cloudfront.net/documents/econTabReport_f5kOruS.pdf,,,https://d3nkl3psvxxpe9.cloudfront.net/documents/econTabReport_f5kOruS.pdf,,,,35,54,11
85842,1888,UMass Amherst/YouGov,1233,WCVB-TV,University of Massachusetts Department of Political Science/YouGov,861,University of Massachusetts Department of Political Science/YouGov,2.4,-0.4,Online Panel,9,,1/25/2024,1/30/2024,,,,191771,1064,a,,a,,2/6/2024 9:28,,https://polsci.umass.edu/state-nation-toplines-crosstabs-feb-6-2024,https://polsci.umass.edu/state-nation-toplines-crosstabs-feb-6-2024,https://polsci.umass.edu/sites/default/files/January2024StateofNationBidenToplines.pdf,https://polsci.umass.edu/sites/default/files/January2024StateofNationBidenCrosstabs.pdf,,FALSE,,41,48,11
85699,568,YouGov,352,Economist,YouGov,391,YouGov,3,-1.1,Online Panel,9,,1/21/2024,1/23/2024,,,,191087,1664,a,,a,,1/24/2024 11:12,,https://d3nkl3psvxxpe9.cloudfront.net/documents/econtoplines_kPUXgWx.pdf,,https://d3nkl3psvxxpe9.cloudfront.net/documents/econtoplines_kPUXgWx.pdf,https://d3nkl3psvxxpe9.cloudfront.net/documents/econTabReport_i9N6Z0N.pdf,,,,39,47,14
85699,568,YouGov,352,Economist,YouGov,391,YouGov,3,-1.1,Online Panel,9,,1/21/2024,1/23/2024,,,,191088,1497,rv,,rv,,1/24/2024 11:12,,https://d3nkl3psvxxpe9.cloudfront.net/documents/econTabReport_i9N6Z0N.pdf,,,https://d3nkl3psvxxpe9.cloudfront.net/documents/econTabReport_i9N6Z0N.pdf,,,,42,49,9
85626,568,YouGov,352,Economist,YouGov,391,YouGov,3,-1.1,Online Panel,9,,1/14/2024,1/16/2024,,,,190396,1660,a,,a,,1/17/2024 10:50,,https://d3nkl3psvxxpe9.cloudfront.net/documents/econtoplines_Jt39PjS.pdf,,https://d3nkl3psvxxpe9.cloudfront.net/documents/econtoplines_Jt39PjS.pdf,https://d3nkl3psvxxpe9.cloudfront.net/documents/econTabReport_HvTrDQB.pdf,,,,38,46,17
85626,568,YouGov,352,Economist,YouGov,391,YouGov,3,-1.1,Online Panel,9,,1/14/2024,1/16/2024,,,,190397,1472,rv,,rv,,1/17/2024 10:50,,https://d3nkl3psvxxpe9.cloudfront.net/documents/econTabReport_HvTrDQB.pdf,,,https://d3nkl3psvxxpe9.cloudfront.net/documents/econTabReport_HvTrDQB.pdf,,,,41,49,10
85578,568,YouGov,352,Economist,YouGov,391,YouGov,3,-1.1,Online Panel,9,,1/7/2024,1/9/2024,,,,190175,1593,a,,a,,1/10/2024 10:02,,https://d3nkl3psvxxpe9.cloudfront.net/documents/econtoplines_O5mTWEc.pdf,,https://d3nkl3psvxxpe9.cloudfront.net/documents/econtoplines_O5mTWEc.pdf,https://d3nkl3psvxxpe9.cloudfront.net/documents/econTabReport_wOkNqe4.pdf,,,,43,42,15
85578,568,YouGov,352,Economist,YouGov,391,YouGov,3,-1.1,Online Panel,9,,1/7/2024,1/9/2024,,,,190176,1417,rv,,rv,,1/10/2024 10:02,,https://d3nkl3psvxxpe9.cloudfront.net/documents/econTabReport_wOkNqe4.pdf,,,https://d3nkl3psvxxpe9.cloudfront.net/documents/econTabReport_wOkNqe4.pdf,,,,45,46,10
85493,568,YouGov,352,Economist,YouGov,391,YouGov,3,-1.1,Online Panel,9,,12/31/2023,1/2/2024,,,,189621,1521,a,,a,,1/3/2024 10:44,,https://d3nkl3psvxxpe9.cloudfront.net/documents/econtoplines_X9asmDv.pdf,,https://d3nkl3psvxxpe9.cloudfront.net/documents/econtoplines_X9asmDv.pdf,https://d3nkl3psvxxpe9.cloudfront.net/documents/econTabReport_11nGFKX.pdf,,,,38,47,15
85493,568,YouGov,352,Economist,YouGov,391,YouGov,3,-1.1,Online Panel,9,,12/31/2023,1/2/2024,,,,189622,1343,rv,,rv,,1/3/2024 10:44,,https://d3nkl3psvxxpe9.cloudfront.net/documents/econTabReport_11nGFKX.pdf,,,https://d3nkl3psvxxpe9.cloudfront.net/documents/econTabReport_11nGFKX.pdf,,,,43,48,9
85486,1554,RMG Research,,,RMG Research,555,RMG Research,2.3,-0.4,,5,,12/20/2023,12/21/2023,,,,189584,1000,rv,,rv,,12/29/2023 16:29,Disapproval number provided by Scott Rasmussen through email,https://twitter.com/RMG_Research/status/1740169486307844371,,https://twitter.com/RMG_Research/status/1740169486307844371,,,,,41,51,0
85453,568,YouGov,352,Economist,YouGov,391,YouGov,3,-1.1,Online Panel,9,,12/16/2023,12/18/2023,,,,189310,1500,a,,a,,12/20/2023 9:30,,https://d3nkl3psvxxpe9.cloudfront.net/documents/econtoplines_FBzrwMv.pdf,,https://d3nkl3psvxxpe9.cloudfront.net/documents/econtoplines_FBzrwMv.pdf,https://d3nkl3psvxxpe9.cloudfront.net/documents/econTabReport_pJolTxJ.pdf,,,,36,46,18
85453,568,YouGov,352,Economist,YouGov,391,YouGov,3,-1.1,Online Panel,9,,12/16/2023,12/18/2023,,,,189311,1336,rv,,rv,,12/20/2023 9:30,,https://d3nkl3psvxxpe9.cloudfront.net/documents/econTabReport_pJolTxJ.pdf,,,https://d3nkl3psvxxpe9.cloudfront.net/documents/econTabReport_pJolTxJ.pdf,,,,40,50,10
85335,568,YouGov,352,Economist,YouGov,391,YouGov,3,-1.1,Online Panel,9,,12/9/2023,12/12/2023,,,,188709,1500,a,,a,,12/13/2023 9:28,,https://d3nkl3psvxxpe9.cloudfront.net/documents/econtoplines_O1RjLdq.pdf,,https://d3nkl3psvxxpe9.cloudfront.net/documents/econtoplines_O1RjLdq.pdf,https://d3nkl3psvxxpe9.cloudfront.net/documents/econTabReport_y2MuS3t.pdf,,,,35,51,14
85335,568,YouGov,352,Economist,YouGov,391,YouGov,3,-1.1,Online Panel,9,,12/9/2023,12/12/2023,,,,188710,1332,rv,,rv,,12/13/2023 9:28,,https://d3nkl3psvxxpe9.cloudfront.net/documents/econTabReport_y2MuS3t.pdf,,,https://d3nkl3psvxxpe9.cloudfront.net/documents/econTabReport_y2MuS3t.pdf,,,,38,53,9
84875,568,YouGov,352,Economist,YouGov,391,YouGov,3,-1.1,Online Panel,9,,12/2/2023,12/5/2023,,,,188006,1500,a,,a,,12/6/2023 10:16,,https://d3nkl3psvxxpe9.cloudfront.net/documents/econtoplines_41LGsxk.pdf,,https://d3nkl3psvxxpe9.cloudfront.net/documents/econtoplines_41LGsxk.pdf,https://d3nkl3psvxxpe9.cloudfront.net/documents/econTabReport_BOEC4TZ.pdf,,,,35,49,16
84875,568,YouGov,352,Economist,YouGov,391,YouGov,3,-1.1,Online Panel,9,,12/2/2023,12/5/2023,,,,188007,1291,rv,,rv,,12/6/2023 10:16,,https://d3nkl3psvxxpe9.cloudfront.net/documents/econTabReport_BOEC4TZ.pdf,,,https://d3nkl3psvxxpe9.cloudfront.net/documents/econTabReport_BOEC4TZ.pdf,,,,41,49,11
84832,568,YouGov,352,Economist,YouGov,391,YouGov,3,-1.1,Online Panel,9,,11/25/2023,11/27/2023,,,,187780,1500,a,,a,,11/29/2023 9:47,,https://d3nkl3psvxxpe9.cloudfront.net/documents/econtoplines_hzXyZ87.pdf,,https://d3nkl3psvxxpe9.cloudfront.net/documents/econtoplines_hzXyZ87.pdf,https://d3nkl3psvxxpe9.cloudfront.net/documents/econTabReport_3GgK6Vy.pdf,,,,38,48,13
84832,568,YouGov,352,Economist,YouGov,391,YouGov,3,-1.1,Online Panel,9,,11/25/2023,11/27/2023,,,,187781,1323,rv,,rv,,11/29/2023 9:47,,https://d3nkl3psvxxpe9.cloudfront.net/documents/econTabReport_3GgK6Vy.pdf,,,https://d3nkl3psvxxpe9.cloudfront.net/documents/econTabReport_3GgK6Vy.pdf,,,,42,51,7
84819,568,YouGov,352,Economist,YouGov,391,YouGov,3,-1.1,Online Panel,9,,11/18/2023,11/20/2023,,,,187648,1500,a,,a,,11/22/2023 9:02,,https://d3nkl3psvxxpe9.cloudfront.net/documents/econtoplines_7kHym5K.pdf,,https://d3nkl3psvxxpe9.cloudfront.net/documents/econtoplines_7kHym5K.pdf,https://d3nkl3psvxxpe9.cloudfront.net/documents/econTabReport_ewAQzcE.pdf,,,,43,40,17
84819,568,YouGov,352,Economist,YouGov,391,YouGov,3,-1.1,Online Panel,9,,11/18/2023,11/20/2023,,,,187649,1323,rv,,rv,,11/22/2023 9:02,,https://d3nkl3psvxxpe9.cloudfront.net/documents/econTabReport_ewAQzcE.pdf,,,https://d3nkl3psvxxpe9.cloudfront.net/documents/econTabReport_ewAQzcE.pdf,,,,47,42,10
84681,568,YouGov,352,Economist,YouGov,391,YouGov,3,-1.1,Online Panel,9,,11/11/2023,11/14/2023,,,,186252,1500,a,,a,,11/15/2023 10:06,,https://d3nkl3psvxxpe9.cloudfront.net/documents/econtoplines_bKk3Qa1.pdf,,https://d3nkl3psvxxpe9.cloudfront.net/documents/econtoplines_bKk3Qa1.pdf,https://d3nkl3psvxxpe9.cloudfront.net/documents/econTabReport_g1diQvj.pdf,,,,40,47,13
84681,568,YouGov,352,Economist,YouGov,391,YouGov,3,-1.1,Online Panel,9,,11/11/2023,11/14/2023,,,,186253,1272,rv,,rv,,11/15/2023 10:06,,https://d3nkl3psvxxpe9.cloudfront.net/documents/econTabReport_g1diQvj.pdf,,,https://d3nkl3psvxxpe9.cloudfront.net/documents/econTabReport_g1diQvj.pdf,,,,45,47,8
84611,568,YouGov,352,Economist,YouGov,391,YouGov,3,-1.1,Online Panel,9,,11/5/2023,11/7/2023,,,,185163,1500,a,,a,,11/8/2023 9:34,,https://d3nkl3psvxxpe9.cloudfront.net/documents/econtoplines_vaQYxHN.pdf,,https://d3nkl3psvxxpe9.cloudfront.net/documents/econtoplines_vaQYxHN.pdf,https://d3nkl3psvxxpe9.cloudfront.net/documents/econTabReport_Vow57W6.pdf,,,,38,50,12
84611,568,YouGov,352,Economist,YouGov,391,YouGov,3,-1.1,Online Panel,9,,11/5/2023,11/7/2023,,,,185164,1313,rv,,rv,,11/8/2023 9:34,,https://d3nkl3psvxxpe9.cloudfront.net/documents/econTabReport_Vow57W6.pdf,,,https://d3nkl3psvxxpe9.cloudfront.net/documents/econTabReport_Vow57W6.pdf,,,,43,49,8
84685,1075,Marquette Law School,,,Marquette University Law School,195,Marquette University Law School,3,-1.1,Probability Panel,10,,11/2/2023,11/7/2023,,,,186305,1010,a,,a,,11/15/2023 10:28,,https://law.marquette.edu/poll/2023/11/14/detailed-results-of-the-marquette-law-school-supreme-court-poll-november-2-7-2023/,https://law.marquette.edu/poll/2023/11/14/detailed-results-of-the-marquette-law-school-supreme-court-poll-november-2-7-2023/,https://law.marquette.edu/poll/wp-content/uploads/2023/11/MLSPSC17Toplines_CourtItems.html,https://law.marquette.edu/poll/wp-content/uploads/2023/11/MLSPSC17Crosstabs_CourtItems.html,,,,41,59,0
84685,1075,Marquette Law School,,,Marquette University Law School,195,Marquette University Law School,3,-1.1,Probability Panel,10,,11/2/2023,11/7/2023,,,,186454,856,rv,,rv,,11/16/2023 8:52,,https://law.marquette.edu/poll/wp-content/uploads/2023/11/MLSPSC17ToplinesRV.html,,https://law.marquette.edu/poll/wp-content/uploads/2023/11/MLSPSC17ToplinesRV.html,https://law.marquette.edu/poll/2023/11/15/detailed-results-of-the-marquette-law-school-supreme-court-poll-november-2-7-2023-2/,,,,44,56,0
84685,1075,Marquette Law School,,,Marquette University Law School,195,Marquette University Law School,3,-1.1,Probability Panel,10,,11/2/2023,11/7/2023,,,,186455,668,lv,,lv,,11/16/2023 8:52,,https://law.marquette.edu/poll/wp-content/uploads/2023/11/MLSPSC17ToplinesLV.html,,https://law.marquette.edu/poll/wp-content/uploads/2023/11/MLSPSC17ToplinesLV.html,https://law.marquette.edu/poll/2023/11/15/detailed-results-of-the-marquette-law-school-supreme-court-poll-november-2-7-2023-2/,,,,45,55,0
84513,568,YouGov,352,Economist,YouGov,391,YouGov,3,-1.1,Online Panel,9,,10/28/2023,10/31/2023,,,,184346,1500,a,,a,,11/1/2023 10:23,,https://d3nkl3psvxxpe9.cloudfront.net/documents/econtoplines_cIQloVR.pdf,,https://d3nkl3psvxxpe9.cloudfront.net/documents/econtoplines_cIQloVR.pdf,https://d3nkl3psvxxpe9.cloudfront.net/documents/econTabReport_bpzPgoE.pdf,,,,35,48,16
84513,568,YouGov,352,Economist,YouGov,391,YouGov,3,-1.1,Online Panel,9,,10/28/2023,10/31/2023,,,,184347,1333,rv,,rv,,11/1/2023 10:23,,https://d3nkl3psvxxpe9.cloudfront.net/documents/econTabReport_bpzPgoE.pdf,,,https://d3nkl3psvxxpe9.cloudfront.net/documents/econTabReport_bpzPgoE.pdf,,,,40,50,10
84487,568,YouGov,352,Economist,YouGov,391,YouGov,3,-1.1,Online Panel,9,,10/21/2023,10/24/2023,,,,184175,1500,a,,a,,10/25/2023 10:56,,https://d3nkl3psvxxpe9.cloudfront.net/documents/econTabReport_WzgzhWp.pdf,,,https://d3nkl3psvxxpe9.cloudfront.net/documents/econTabReport_WzgzhWp.pdf,,,,33,52,14
84487,568,YouGov,352,Economist,YouGov,391,YouGov,3,-1.1,Online Panel,9,,10/21/2023,10/24/2023,,,,184176,1296,rv,,rv,,10/25/2023 10:56,,https://d3nkl3psvxxpe9.cloudfront.net/documents/econTabReport_WzgzhWp.pdf,,,https://d3nkl3psvxxpe9.cloudfront.net/documents/econTabReport_WzgzhWp.pdf,,,,36,55,9
84446,568,YouGov,352,Economist,YouGov,391,YouGov,3,-1.1,Online Panel,9,,10/14/2023,10/17/2023,,,,183790,1500,a,,a,,10/18/2023 11:07,,https://d3nkl3psvxxpe9.cloudfront.net/documents/econtoplines_3WmN9jD.pdf,,https://d3nkl3psvxxpe9.cloudfront.net/documents/econtoplines_3WmN9jD.pdf,https://d3nkl3psvxxpe9.cloudfront.net/documents/econTabReport_uXN5Bmo.pdf,,,,38,47,15
84446,568,YouGov,352,Economist,YouGov,391,YouGov,3,-1.1,Online Panel,9,,10/14/2023,10/17/2023,,,,183791,1296,rv,,rv,,10/18/2023 11:07,,https://d3nkl3psvxxpe9.cloudfront.net/documents/econTabReport_uXN5Bmo.pdf,,,https://d3nkl3psvxxpe9.cloudfront.net/documents/econTabReport_uXN5Bmo.pdf,,,,41,50,9
84373,568,YouGov,352,Economist,YouGov,391,YouGov,3,-1.1,Online Panel,,,10/8/2023,10/10/2023,,,,183431,1500,a,,a,,10/11/2023 10:13,,https://d3nkl3psvxxpe9.cloudfront.net/documents/econTabReport_8o4rs21.pdf,,,https://d3nkl3psvxxpe9.cloudfront.net/documents/econTabReport_8o4rs21.pdf,,,,37,48,14
84373,568,YouGov,352,Economist,YouGov,391,YouGov,3,-1.1,Online Panel,,,10/8/2023,10/10/2023,,,,183432,1319,rv,,rv,,10/11/2023 10:13,,https://d3nkl3psvxxpe9.cloudfront.net/documents/econTabReport_8o4rs21.pdf,,,https://d3nkl3psvxxpe9.cloudfront.net/documents/econTabReport_8o4rs21.pdf,,,,42,49,9
84306,568,YouGov,352,Economist,YouGov,391,YouGov,3,-1.1,Online Panel,,,9/30/2023,10/3/2023,,,,182733,1500,a,,a,,10/4/2023 10:26,,https://d3nkl3psvxxpe9.cloudfront.net/documents/econtoplines_ZHdSXzq.pdf,,https://d3nkl3psvxxpe9.cloudfront.net/documents/econtoplines_ZHdSXzq.pdf,https://d3nkl3psvxxpe9.cloudfront.net/documents/econTabReport_ZYxhZlV.pdf,,,,38,49,14
84306,568,YouGov,352,Economist,YouGov,391,YouGov,3,-1.1,Online Panel,,,9/30/2023,10/3/2023,,,,182734,1368,rv,,rv,,10/4/2023 10:26,,https://d3nkl3psvxxpe9.cloudfront.net/documents/econTabReport_ZYxhZlV.pdf,,,https://d3nkl3psvxxpe9.cloudfront.net/documents/econTabReport_ZYxhZlV.pdf,,,,44,49,7
84250,568,YouGov,352,Economist,YouGov,391,YouGov,3,-1.1,Online Panel,,,9/23/2023,9/26/2023,,,,182285,1500,a,,a,,9/27/2023 9:49,,https://d3nkl3psvxxpe9.cloudfront.net/documents/econtoplines_RTVZfCv.pdf,,https://d3nkl3psvxxpe9.cloudfront.net/documents/econtoplines_RTVZfCv.pdf,https://d3nkl3psvxxpe9.cloudfront.net/documents/econTabReport_wyX9VrC.pdf,,,,37,50,13
84250,568,YouGov,352,Economist,YouGov,391,YouGov,3,-1.1,Online Panel,,,9/23/2023,9/26/2023,,,,182286,1293,rv,,rv,,9/27/2023 9:49,,https://d3nkl3psvxxpe9.cloudfront.net/documents/econTabReport_wyX9VrC.pdf,,,https://d3nkl3psvxxpe9.cloudfront.net/documents/econTabReport_wyX9VrC.pdf,,,,37,55,8
84308,1075,Marquette Law School,,,Marquette University Law School,195,Marquette University Law School,3,-1.1,Probability Panel,,,9/18/2023,9/25/2023,,,,182738,1007,a,,a,,10/4/2023 10:28,,https://law.marquette.edu/poll/2023/10/04/detailed-results-of-the-marquette-law-school-supreme-court-poll-september-18-25-2023/,https://law.marquette.edu/poll/2023/10/04/detailed-results-of-the-marquette-law-school-supreme-court-poll-september-18-25-2023/,https://law.marquette.edu/poll/wp-content/uploads/2023/10/MLSPSC16Toplines_CourtItems.html,https://law.marquette.edu/poll/wp-content/uploads/2023/10/MLSPSC16Crosstabs_CourtItems.html,,,,43,57,0
84308,1075,Marquette Law School,,,Marquette University Law School,195,Marquette University Law School,3,-1.1,Probability Panel,,,9/18/2023,9/25/2023,,,,183081,868,rv,,rv,,10/5/2023 10:02,,https://law.marquette.edu/poll/wp-content/uploads/2023/10/MLSPSC16ToplinesRV.html,,https://law.marquette.edu/poll/wp-content/uploads/2023/10/MLSPSC16ToplinesRV.html,https://law.marquette.edu/poll/category/results-and-data/,,,,44,56,0
84308,1075,Marquette Law School,,,Marquette University Law School,195,Marquette University Law School,3,-1.1,Probability Panel,,,9/18/2023,9/25/2023,,,,183085,690,lv,,lv,,10/5/2023 10:02,,https://law.marquette.edu/poll/wp-content/uploads/2023/10/MLSPSC16ToplinesLV.html,,https://law.marquette.edu/poll/wp-content/uploads/2023/10/MLSPSC16ToplinesLV.html,https://law.marquette.edu/poll/category/results-and-data/,,,,46,54,0
84248,169,Gallup,,,Gallup,112,Gallup,2.5,-0.4,Live Phone,,,9/1/2023,9/23/2023,,,,182461,1016,a,,a,,9/28/2023 15:42,,https://news.gallup.com/poll/511820/views-supreme-court-remain-near-record-lows.aspx,https://news.gallup.com/poll/511820/views-supreme-court-remain-near-record-lows.aspx,,,,,,41,58,2
84192,568,YouGov,352,Economist,YouGov,391,YouGov,3,-1.1,Online Panel,,,9/17/2023,9/19/2023,,,,181882,1500,a,,a,,9/20/2023 11:38,,https://d3nkl3psvxxpe9.cloudfront.net/documents/econtoplines_Os7FqGN.pdf,,https://d3nkl3psvxxpe9.cloudfront.net/documents/econtoplines_Os7FqGN.pdf,https://d3nkl3psvxxpe9.cloudfront.net/documents/econTabReport_xf4D6qH.pdf,,,,38,50,12
84192,568,YouGov,352,Economist,YouGov,391,YouGov,3,-1.1,Online Panel,,,9/17/2023,9/19/2023,,,,181883,1303,rv,,rv,,9/20/2023 11:38,,https://d3nkl3psvxxpe9.cloudfront.net/documents/econTabReport_xf4D6qH.pdf,,,https://d3nkl3psvxxpe9.cloudfront.net/documents/econTabReport_xf4D6qH.pdf,,,,41,51,8
84136,568,YouGov,352,Economist,YouGov,391,YouGov,3,-1.1,Online Panel,,,9/10/2023,9/12/2023,,,,181356,1500,a,,a,,9/13/2023 9:54,,https://docs.cdn.yougov.com/0d5jmcbf98/econtoplines.pdf,,https://docs.cdn.yougov.com/0d5jmcbf98/econtoplines.pdf,https://docs.cdn.yougov.com/xttgobsv8q/econTabReport.pdf,,,,36,48,16
84136,568,YouGov,352,Economist,YouGov,391,YouGov,3,-1.1,Online Panel,,,9/10/2023,9/12/2023,,,,181357,1334,rv,,rv,,9/13/2023 9:54,,https://docs.cdn.yougov.com/xttgobsv8q/econTabReport.pdf,,,https://docs.cdn.yougov.com/xttgobsv8q/econTabReport.pdf,,,,39,53,9
84095,568,YouGov,352,Economist,YouGov,391,YouGov,3,-1.1,Online Panel,,,9/2/2023,9/5/2023,,,,181015,1500,a,,a,,9/6/2023 12:56,,https://docs.cdn.yougov.com/8ssfdycdra/econtoplines.pdf,,https://docs.cdn.yougov.com/8ssfdycdra/econtoplines.pdf,https://docs.cdn.yougov.com/ze05ewgo9y/econTabReport.pdf,,,,38,47,15
84095,568,YouGov,352,Economist,YouGov,391,YouGov,3,-1.1,Online Panel,,,9/2/2023,9/5/2023,,,,181016,1329,rv,,rv,,9/6/2023 12:56,,https://docs.cdn.yougov.com/ze05ewgo9y/econTabReport.pdf,,,https://docs.cdn.yougov.com/ze05ewgo9y/econTabReport.pdf,,,,43,48,9
84039,568,YouGov,352,Economist,YouGov,391,YouGov,3,-1.1,Online Panel,,,8/26/2023,8/29/2023,,,,180655,1500,a,,a,,8/30/2023 10:29,,https://docs.cdn.yougov.com/aif0ri8ye5/econtoplines.pdf,,https://docs.cdn.yougov.com/aif0ri8ye5/econtoplines.pdf,https://docs.cdn.yougov.com/eqlqwyoypg/econTabReport.pdf,,,,35,52,12
84039,568,YouGov,352,Economist,YouGov,391,YouGov,3,-1.1,Online Panel,,,8/26/2023,8/29/2023,,,,180656,1303,rv,,rv,,8/30/2023 10:29,,https://docs.cdn.yougov.com/eqlqwyoypg/econTabReport.pdf,,,https://docs.cdn.yougov.com/eqlqwyoypg/econTabReport.pdf,,,,40,52,8
83962,568,YouGov,352,Economist,YouGov,391,YouGov,3,-1.1,Online Panel,,,8/19/2023,8/22/2023,,,,179892,1500,a,,a,,8/23/2023 10:37,,https://docs.cdn.yougov.com/f2l1urt62v/econtoplines.pdf,,https://docs.cdn.yougov.com/f2l1urt62v/econtoplines.pdf,https://docs.cdn.yougov.com/qaelwix52p/econTabReport.pdf,,,,36,51,14
83962,568,YouGov,352,Economist,YouGov,391,YouGov,3,-1.1,Online Panel,,,8/19/2023,8/22/2023,,,,179893,1309,rv,,rv,,8/23/2023 10:37,,https://docs.cdn.yougov.com/qaelwix52p/econTabReport.pdf,,,https://docs.cdn.yougov.com/qaelwix52p/econTabReport.pdf,,,,40,53,8
83418,568,YouGov,352,Economist,YouGov,391,YouGov,3,-1.1,Online Panel,,,8/12/2023,8/15/2023,,,,178831,1500,a,,a,,8/16/2023 10:08,,https://docs.cdn.yougov.com/m40l43fusr/econtoplines.pdf,,https://docs.cdn.yougov.com/m40l43fusr/econtoplines.pdf,https://docs.cdn.yougov.com/18ox1hne2s/econTabReport.pdf,,,,36,48,15
83418,568,YouGov,352,Economist,YouGov,391,YouGov,3,-1.1,Online Panel,,,8/12/2023,8/15/2023,,,,178832,1321,rv,,rv,,8/16/2023 10:08,,https://docs.cdn.yougov.com/18ox1hne2s/econTabReport.pdf,,,https://docs.cdn.yougov.com/18ox1hne2s/econTabReport.pdf,,,,40,51,8
84153,1361,SSRS,1960,University of Pennsylvania Annenberg Public Policy Center,SSRS,297,SSRS,2.4,-0.2,Online Panel,,,8/9/2023,8/15/2023,,,,181526,1482,a,,a,,9/14/2023 13:04,,https://www.annenbergpublicpolicycenter.org/many-dont-know-key-facts-about-u-s-constitution-annenberg-civics-study-finds/,https://www.annenbergpublicpolicycenter.org/many-dont-know-key-facts-about-u-s-constitution-annenberg-civics-study-finds/,https://cdn.annenbergpublicpolicycenter.org/wp-content/uploads/2023/09/APPC_Con_Day_Topline_2023_final.pdf,,,,,49,51,0
83375,568,YouGov,352,Economist,YouGov,391,YouGov,3,-1.1,Online Panel,,,8/5/2023,8/8/2023,,,,178635,1500,a,,a,,8/9/2023 9:55,,https://docs.cdn.yougov.com/m1aanznso5/econtoplines.pdf,,https://docs.cdn.yougov.com/m1aanznso5/econtoplines.pdf,https://docs.cdn.yougov.com/gr0zwln1rr/econTabReport.pdf,,,,39,49,13
83375,568,YouGov,352,Economist,YouGov,391,YouGov,3,-1.1,Online Panel,,,8/5/2023,8/8/2023,,,,178636,1178,rv,,rv,,8/9/2023 9:55,,https://docs.cdn.yougov.com/gr0zwln1rr/econTabReport.pdf,,,https://docs.cdn.yougov.com/gr0zwln1rr/econTabReport.pdf,,,,42,49,8
83331,568,YouGov,352,Economist,YouGov,391,YouGov,3,-1.1,Online Panel,,,7/29/2023,8/1/2023,,,,178354,1500,a,,a,,8/2/2023 10:18,,https://docs.cdn.yougov.com/m6zgcvnfe7/econtoplines.pdf,,https://docs.cdn.yougov.com/m6zgcvnfe7/econtoplines.pdf,https://docs.cdn.yougov.com/nrdcezwpcn/econTabReport.pdf,,,,39,48,13
83331,568,YouGov,352,Economist,YouGov,391,YouGov,3,-1.1,Online Panel,,,7/29/2023,8/1/2023,,,,178355,1324,rv,,rv,,8/2/2023 10:18,,https://docs.cdn.yougov.com/nrdcezwpcn/econTabReport.pdf,,,https://docs.cdn.yougov.com/nrdcezwpcn/econTabReport.pdf,,,,44,49,8
83310,169,Gallup,,,Gallup,112,Gallup,2.5,-0.4,Live Phone,,,7/3/2023,7/27/2023,,,,178377,1015,a,,a,,8/2/2023 10:29,,https://news.gallup.com/poll/509234/supreme-court-approval-holds-record-low.aspx ,https://news.gallup.com/poll/509234/supreme-court-approval-holds-record-low.aspx ,,,,,,40,56,4
83287,568,YouGov,352,Economist,YouGov,391,YouGov,3,-1.1,Online Panel,,,7/22/2023,7/25/2023,,,,176110,1500,a,,a,,7/26/2023 10:06,,https://docs.cdn.yougov.com/s3axh7nmif/econtoplines.pdf,,https://docs.cdn.yougov.com/s3axh7nmif/econtoplines.pdf,https://docs.cdn.yougov.com/pvpz4fi6ym/econTabReport.pdf,,,,41,46,12
83287,568,YouGov,352,Economist,YouGov,391,YouGov,3,-1.1,Online Panel,,,7/22/2023,7/25/2023,,,,176111,1306,rv,,rv,,7/26/2023 10:06,,https://docs.cdn.yougov.com/pvpz4fi6ym/econTabReport.pdf,,,https://docs.cdn.yougov.com/pvpz4fi6ym/econTabReport.pdf,,,,43,47,10
83233,568,YouGov,352,Economist,YouGov,391,YouGov,3,-1.1,Online Panel,,,7/15/2023,7/18/2023,,,,175708,1500,a,,a,,7/19/2023 9:48,,https://docs.cdn.yougov.com/ygyh2hpfz0/econtoplines.pdf,,https://docs.cdn.yougov.com/ygyh2hpfz0/econtoplines.pdf,https://docs.cdn.yougov.com/ay6e0ph68l/econTabReport.pdf,,,,39,50,12
83233,568,YouGov,352,Economist,YouGov,391,YouGov,3,-1.1,Online Panel,,,7/15/2023,7/18/2023,,,,175709,1315,rv,,rv,,7/19/2023 9:48,,https://docs.cdn.yougov.com/ay6e0ph68l/econTabReport.pdf,,,https://docs.cdn.yougov.com/ay6e0ph68l/econTabReport.pdf,,,,41,50,9
83237,396,Quinnipiac,,,Quinnipiac University,267,Quinnipiac University,2.8,-0.5,Live Phone,,,7/13/2023,7/17/2023,,,,175778,2056,a,,a,,7/19/2023 14:28,,https://poll.qu.edu/poll-release?releaseid=3876,,,https://poll.qu.edu/poll-release?releaseid=3876,,,,35,55,10
83237,396,Quinnipiac,,,Quinnipiac University,267,Quinnipiac University,2.8,-0.5,Live Phone,,,7/13/2023,7/17/2023,,,,175779,1809,rv,,rv,,7/19/2023 14:28,,https://poll.qu.edu/poll-release?releaseid=3876,,,https://poll.qu.edu/poll-release?releaseid=3876,,,,36,56,8
83288,1075,Marquette Law School,,,Marquette University Law School,195,Marquette University Law School,3,-1.1,Probability Panel,,,7/7/2023,7/12/2023,,,,176131,1005,a,,a,,7/26/2023 10:11,,https://law.marquette.edu/poll/2023/07/26/detailed-results-of-the-marquette-law-school-supreme-court-poll-july-7-12-2023/,https://law.marquette.edu/poll/2023/07/26/detailed-results-of-the-marquette-law-school-supreme-court-poll-july-7-12-2023/,https://law.marquette.edu/poll/wp-content/uploads/2023/07/MLSPSC15Toplines_CourtItems.html,https://law.marquette.edu/poll/wp-content/uploads/2023/07/MLSPSC15Crosstabs_CourtItems.html,,,,45,55,0
83288,1075,Marquette Law School,,,Marquette University Law School,195,Marquette University Law School,3,-1.1,Probability Panel,,,7/7/2023,7/12/2023,,,,176618,788,rv,,rv,,7/27/2023 9:18,,https://law.marquette.edu/poll/wp-content/uploads/2023/07/MLSPSC15NationalIssuesPressRelease.pdf,https://law.marquette.edu/poll/wp-content/uploads/2023/07/MLSPSC15NationalIssuesPressRelease.pdf,https://law.marquette.edu/poll/wp-content/uploads/2023/07/MLSPSC15ToplinesRV.html,,,,,47,53,0
83189,568,YouGov,352,Economist,YouGov,391,YouGov,3,-1.1,Online Panel,,,7/8/2023,7/11/2023,,,,175523,1500,a,,a,,7/12/2023 11:15,,https://docs.cdn.yougov.com/hv5z68z2e8/econtoplines.pdf,,https://docs.cdn.yougov.com/hv5z68z2e8/econtoplines.pdf,https://docs.cdn.yougov.com/03l1353cs3/econTabReport.pdf,,,,38,51,11
83189,568,YouGov,352,Economist,YouGov,391,YouGov,3,-1.1,Online Panel,,,7/8/2023,7/11/2023,,,,175524,1296,rv,,rv,,7/12/2023 11:15,,https://docs.cdn.yougov.com/03l1353cs3/econTabReport.pdf,,,https://docs.cdn.yougov.com/03l1353cs3/econTabReport.pdf,,,,42,51,7
83143,568,YouGov,352,Economist,YouGov,391,YouGov,3,-1.1,Online Panel,,,7/1/2023,7/5/2023,,,,175349,1500,a,,a,,7/5/2023 16:53,,https://docs.cdn.yougov.com/kpnwbn3sup/econTabReport.pdf,,,https://docs.cdn.yougov.com/kpnwbn3sup/econTabReport.pdf,,,,39,50,11
83143,568,YouGov,352,Economist,YouGov,391,YouGov,3,-1.1,Online Panel,,,7/1/2023,7/5/2023,,,,175350,1350,rv,,rv,,7/5/2023 16:53,,https://docs.cdn.yougov.com/kpnwbn3sup/econTabReport.pdf,,,https://docs.cdn.yougov.com/kpnwbn3sup/econTabReport.pdf,,,,40,50,10
83115,568,YouGov,352,Economist,YouGov,391,YouGov,3,-1.1,Online Panel,,,6/24/2023,6/27/2023,,,,175107,1500,a,,a,,6/28/2023 11:35,,https://docs.cdn.yougov.com/gbiijqwbnw/econtoplines.pdf,,https://docs.cdn.yougov.com/gbiijqwbnw/econtoplines.pdf,https://docs.cdn.yougov.com/01qmicwezl/econTabReport.pdf,,,,34,50,15
83115,568,YouGov,352,Economist,YouGov,391,YouGov,3,-1.1,Online Panel,,,6/24/2023,6/27/2023,,,,175108,1315,rv,,rv,,6/28/2023 11:35,,https://docs.cdn.yougov.com/01qmicwezl/econTabReport.pdf,,,https://docs.cdn.yougov.com/01qmicwezl/econTabReport.pdf,,,,36,52,12
83048,568,YouGov,352,Economist,YouGov,391,YouGov,3,-1.1,Online Panel,,,6/17/2023,6/20/2023,,,,174804,1500,a,,a,,6/21/2023 10:12,,https://docs.cdn.yougov.com/it7lilb4fb/econtoplines.pdf,,https://docs.cdn.yougov.com/it7lilb4fb/econtoplines.pdf,https://docs.cdn.yougov.com/1ts4uenkci/econTabReport.pdf,,,,41,48,12
83048,568,YouGov,352,Economist,YouGov,391,YouGov,3,-1.1,Online Panel,,,6/17/2023,6/20/2023,,,,174805,1342,rv,,rv,,6/21/2023 10:12,,https://docs.cdn.yougov.com/1ts4uenkci/econTabReport.pdf,,,https://docs.cdn.yougov.com/1ts4uenkci/econTabReport.pdf,,,,43,48,9
83062,396,Quinnipiac,,,Quinnipiac University,267,Quinnipiac University,2.8,-0.5,Live Phone,,,6/15/2023,6/19/2023,,,,174884,1776,a,,a,,6/21/2023 14:06,,https://poll.qu.edu/poll-release?releaseid=3874,,,https://poll.qu.edu/poll-release?releaseid=3874,,,,29,58,13
83062,396,Quinnipiac,,,Quinnipiac University,267,Quinnipiac University,2.8,-0.5,Live Phone,,,6/15/2023,6/19/2023,,,,174885,1560,rv,,rv,,6/21/2023 14:06,,https://poll.qu.edu/poll-release?releaseid=3874,,,https://poll.qu.edu/poll-release?releaseid=3874,,,,30,59,11
83004,568,YouGov,352,Economist,YouGov,391,YouGov,3,-1.1,Online Panel,,,6/10/2023,6/13/2023,,,,174389,1500,a,,a,,6/14/2023 10:52,,https://docs.cdn.yougov.com/rx1plz8umr/econtoplines.pdf,,https://docs.cdn.yougov.com/rx1plz8umr/econtoplines.pdf,https://docs.cdn.yougov.com/rj3bg6ve06/econTabReport.pdf,,,,39,50,12
83004,568,YouGov,352,Economist,YouGov,391,YouGov,3,-1.1,Online Panel,,,6/10/2023,6/13/2023,,,,174390,1303,rv,,rv,,6/14/2023 10:52,,https://docs.cdn.yougov.com/rj3bg6ve06/econTabReport.pdf,,,https://docs.cdn.yougov.com/rj3bg6ve06/econTabReport.pdf,,,,39,52,9
84316,1488,Spry Strategies,,,Spry Strategies,508,Spry Strategies,1.5,0.2,Online Panel,,,6/6/2023,6/9/2023,,,,182810,1250,rv,,rv,,10/4/2023 13:29,,https://www.spryresearch.com/_files/ugd/68c3dc_a08f07ec9b834048a9c82d4fc67936a3.pdf,,https://www.spryresearch.com/_files/ugd/68c3dc_a08f07ec9b834048a9c82d4fc67936a3.pdf,,,,,30.2,51,18.8
83022,1888,UMass Amherst/YouGov,,,University of Massachusetts Department of Political Science/YouGov,861,University of Massachusetts Department of Political Science/YouGov,2.4,-0.4,Online Panel,,,5/31/2023,6/8/2023,,,,174574,1133,a,,a,,6/16/2023 10:00,,https://polsci.umass.edu/toplines-and-crosstabs-june-2023-juneteenth-poll-national-politics,https://polsci.umass.edu/toplines-and-crosstabs-june-2023-juneteenth-poll-national-politics,https://polsci.umass.edu/sites/default/files/ToplinesNationalJuneteenth2023.pdf,https://polsci.umass.edu/sites/default/files/CrosstabsNationalJuneteenth2023_0.pdf,,FALSE,,41,47,12
82955,568,YouGov,352,Economist,YouGov,391,YouGov,3,-1.1,Online Panel,,,6/3/2023,6/6/2023,,,,174145,1500,a,,a,,6/7/2023 10:39,,https://docs.cdn.yougov.com/nujc21mujt/econtoplines.pdf,,https://docs.cdn.yougov.com/nujc21mujt/econtoplines.pdf,https://docs.cdn.yougov.com/r0o0a2nef6/econTabReport.pdf,,,,36,51,12
82955,568,YouGov,352,Economist,YouGov,391,YouGov,3,-1.1,Online Panel,,,6/3/2023,6/6/2023,,,,174146,1315,rv,,rv,,6/7/2023 10:39,,https://docs.cdn.yougov.com/r0o0a2nef6/econTabReport.pdf,,,https://docs.cdn.yougov.com/r0o0a2nef6/econTabReport.pdf,,,,38,52,10
82912,568,YouGov,352,Economist,YouGov,391,YouGov,3,-1.1,Online Panel,,,5/27/2023,5/31/2023,,,,173889,1500,a,,a,,5/31/2023 14:25,,https://docs.cdn.yougov.com/rs54vpy9kc/econtoplines.pdf,,https://docs.cdn.yougov.com/rs54vpy9kc/econtoplines.pdf,https://docs.cdn.yougov.com/krv45w30fz/econTabReport.pdf,,,,34,53,12
82912,568,YouGov,352,Economist,YouGov,391,YouGov,3,-1.1,Online Panel,,,5/27/2023,5/31/2023,,,,173890,1313,rv,,rv,,5/31/2023 14:25,,https://docs.cdn.yougov.com/krv45w30fz/econTabReport.pdf,,,https://docs.cdn.yougov.com/krv45w30fz/econTabReport.pdf,,,,36,54,10
82871,568,YouGov,352,Economist,YouGov,391,YouGov,3,-1.1,Online Panel,,,5/20/2023,5/23/2023,,,,173477,1500,a,,a,,5/24/2023 10:56,,https://docs.cdn.yougov.com/bdo96fldrz/econtoplines.pdf,,https://docs.cdn.yougov.com/bdo96fldrz/econtoplines.pdf,https://docs.cdn.yougov.com/ifywkae5dt/econTabReport.pdf,,,,47,43,11
82871,568,YouGov,352,Economist,YouGov,391,YouGov,3,-1.1,Online Panel,,,5/20/2023,5/23/2023,,,,173478,1318,rv,,rv,,5/24/2023 10:56,,https://docs.cdn.yougov.com/ifywkae5dt/econTabReport.pdf,,,https://docs.cdn.yougov.com/ifywkae5dt/econTabReport.pdf,,,,47,44,9
82873,396,Quinnipiac,,,Quinnipiac University,267,Quinnipiac University,2.8,-0.5,Live Phone,,,5/18/2023,5/22/2023,,,,173552,1819,a,,a,,5/24/2023 14:37,,https://poll.qu.edu/poll-release?releaseid=3872,,,https://poll.qu.edu/poll-release?releaseid=3872,,,,35,55,10
82873,396,Quinnipiac,,,Quinnipiac University,267,Quinnipiac University,2.8,-0.5,Live Phone,,,5/18/2023,5/22/2023,,,,173553,1616,rv,,rv,,5/24/2023 14:37,,https://poll.qu.edu/poll-release?releaseid=3872,,,https://poll.qu.edu/poll-release?releaseid=3872,,,,35,57,8
82894,800,Kaiser Family Foundation,,,KFF,419,KFF,2.5,-0.3,Live Phone/Probability Panel,,,5/9/2023,5/19/2023,,,,173771,1674,a,,a,,5/26/2023 9:50,,https://www.kff.org/womens-health-policy/poll-finding/kff-tracking-poll-may-2023/,https://www.kff.org/womens-health-policy/poll-finding/kff-tracking-poll-may-2023/,https://files.kff.org/attachment/Topline-KFF-Health-Tracking-Poll-May-2023.pdf,,,,,41,58,1
82870,1075,Marquette Law School,,,Marquette University Law School,195,Marquette University Law School,3,-1.1,Probability Panel,,,5/8/2023,5/18/2023,,,,173444,1010,a,,a,,5/24/2023 9:30,,https://law.marquette.edu/poll/2023/05/23/new-marquette-law-school-poll-national-survey-finds-continuing-decline-in-approval-of-the-way-the-u-s-supreme-court-is-doing-its-job-with-amount-varying-according-to-respondents-partisanshi/,https://law.marquette.edu/poll/2023/05/23/new-marquette-law-school-poll-national-survey-finds-continuing-decline-in-approval-of-the-way-the-u-s-supreme-court-is-doing-its-job-with-amount-varying-according-to-respondents-partisanshi/,https://law.marquette.edu/poll/wp-content/uploads/2023/05/MLSPSC14Toplines_CourtItems.html#B2:_Supreme_Court_approval,https://law.marquette.edu/poll/wp-content/uploads/2023/05/MLSPSC14Crosstabs_CourtItems.html,,,,41,59,0
82870,1075,Marquette Law School,,,Marquette University Law School,195,Marquette University Law School,3,-1.1,Probability Panel,,,5/8/2023,5/18/2023,,,,173664,833,rv,,rv,,5/25/2023 9:41,,https://law.marquette.edu/poll/wp-content/uploads/2023/05/MLSPSC14ToplinesRV.html,,https://law.marquette.edu/poll/wp-content/uploads/2023/05/MLSPSC14ToplinesRV.html,https://law.marquette.edu/poll/category/results-and-data/,,,,42,58,0
82832,568,YouGov,352,Economist,YouGov,391,YouGov,3,-1.1,Online Panel,,,5/13/2023,5/16/2023,,,,173269,1500,a,,a,,5/17/2023 9:58,,https://docs.cdn.yougov.com/dkgt9j0k3y/econtoplines.pdf,,https://docs.cdn.yougov.com/dkgt9j0k3y/econtoplines.pdf,https://docs.cdn.yougov.com/1el6dff3an/econTabReport.pdf,,,,45,39,16
82832,568,YouGov,352,Economist,YouGov,391,YouGov,3,-1.1,Online Panel,,,5/13/2023,5/16/2023,,,,173270,1302,rv,,rv,,5/17/2023 9:58,,https://docs.cdn.yougov.com/1el6dff3an/econTabReport.pdf,,,https://docs.cdn.yougov.com/1el6dff3an/econTabReport.pdf,,,,47,41,13
82785,568,YouGov,352,Economist,YouGov,391,YouGov,3,-1.1,Online Panel,,,5/6/2023,5/9/2023,,,,173059,1500,a,,a,,5/10/2023 9:47,,https://docs.cdn.yougov.com/1qdiz6hera/econtoplines.pdf,,https://docs.cdn.yougov.com/1qdiz6hera/econtoplines.pdf,https://docs.cdn.yougov.com/nujlm70ly6/econTabReport.pdf,,,,47,40,14
82785,568,YouGov,352,Economist,YouGov,391,YouGov,3,-1.1,Online Panel,,,5/6/2023,5/9/2023,,,,173060,1324,rv,,rv,,5/10/2023 9:47,,https://docs.cdn.yougov.com/nujlm70ly6/econTabReport.pdf,,,https://docs.cdn.yougov.com/nujlm70ly6/econTabReport.pdf,,,,48,41,11
82727,568,YouGov,352,Economist,YouGov,391,YouGov,3,-1.1,Online Panel,,,4/29/2023,5/2/2023,,,,172655,1500,a,,a,,5/3/2023 9:56,,https://docs.cdn.yougov.com/cxqrokhwtq/econtoplines.pdf,,https://docs.cdn.yougov.com/cxqrokhwtq/econtoplines.pdf,https://docs.cdn.yougov.com/qsy7ekuxik/econTabReport.pdf,,,,41,43,16
82727,568,YouGov,352,Economist,YouGov,391,YouGov,3,-1.1,Online Panel,,,4/29/2023,5/2/2023,,,,172656,1357,rv,,rv,,5/3/2023 9:56,,https://docs.cdn.yougov.com/qsy7ekuxik/econTabReport.pdf,,,https://docs.cdn.yougov.com/qsy7ekuxik/econTabReport.pdf,,,,46,44,10
82741,1365,Change Research,,,Change Research,48,Change Research,1.4,0.6,Text-to-Web/Online Ad,,,4/28/2023,5/2/2023,,,,172729,1208,rv,,rv,,5/4/2023 12:24,,https://changeresearch.com/post/national-poll-on-scotus-ethics/,https://changeresearch.com/post/national-poll-on-scotus-ethics/,https://changeresearch.com/wp-content/uploads/2023/05/Nationwide-Omnibus-Survey-Toplines-SCOTUS-.docx.pdf,,,FALSE,,38,56,5
82685,568,YouGov,352,Economist,YouGov,391,YouGov,3,-1.1,Online Panel,,,4/22/2023,4/25/2023,,,,172406,1500,a,,a,,4/26/2023 10:28,,https://docs.cdn.yougov.com/3nj07blz1x/econtoplines.pdf,,https://docs.cdn.yougov.com/3nj07blz1x/econtoplines.pdf,https://docs.cdn.yougov.com/wo8h43uvsg/econTabReport.pdf,,,,48,38,14
82685,568,YouGov,352,Economist,YouGov,391,YouGov,3,-1.1,Online Panel,,,4/22/2023,4/25/2023,,,,172407,1295,rv,,rv,,4/26/2023 10:28,,https://docs.cdn.yougov.com/wo8h43uvsg/econTabReport.pdf,,,https://docs.cdn.yougov.com/wo8h43uvsg/econTabReport.pdf,,,,49,41,10
82687,1597,Beacon/Shaw,149,FOX News,Beacon Research/Shaw & Company Research,103,Beacon Research/Shaw & Co. Research,2.8,-1.1,Live Phone,,,4/21/2023,4/24/2023,,,,172509,1004,rv,,rv,,4/28/2023 8:36,,https://www.foxnews.com/politics/fox-news-poll-two-thirds-say-abortion-pill-legal,https://www.foxnews.com/politics/fox-news-poll-two-thirds-say-abortion-pill-legal,https://static.foxnews.com/foxnews.com/content/uploads/2023/04/Fox_April-21-24-2023_National_Topline_April-27-Release.pdf,https://static.foxnews.com/foxnews.com/content/uploads/2023/04/Fox_April-21-24-2023_Cross-Tabs_April-27-Release.pdf,,FALSE,,41,55,5
82627,568,YouGov,352,Economist,YouGov,391,YouGov,3,-1.1,Online Panel,,,4/15/2023,4/18/2023,,,,172032,1500,a,,a,,4/19/2023 9:32,,https://docs.cdn.yougov.com/ksmyjmp5xp/econtoplines.pdf,,https://docs.cdn.yougov.com/ksmyjmp5xp/econtoplines.pdf,https://docs.cdn.yougov.com/6jir2a8rbh/econTabReport.pdf,,,,43,40,17
82627,568,YouGov,352,Economist,YouGov,391,YouGov,3,-1.1,Online Panel,,,4/15/2023,4/18/2023,,,,172033,1316,rv,,rv,,4/19/2023 9:32,,https://docs.cdn.yougov.com/6jir2a8rbh/econTabReport.pdf,,,https://docs.cdn.yougov.com/6jir2a8rbh/econTabReport.pdf,,,,45,44,11
82625,568,YouGov,1213,Yahoo News,YouGov,391,YouGov,3,-1.1,Online Panel,,,4/14/2023,4/17/2023,,,,172258,1530,a,,a,,4/23/2023 16:23,,https://news.yahoo.com/poll-trumps-big-post-indictment-bounce-is-fading-fast-183753992.html,https://news.yahoo.com/poll-trumps-big-post-indictment-bounce-is-fading-fast-183753992.html,,https://www.scribd.com/document/639900087/Yahoonews-Toplines-Crosstabs-20230417#,,,,44,45,11
82625,568,YouGov,1213,Yahoo News,YouGov,391,YouGov,3,-1.1,Online Panel,,,4/14/2023,4/17/2023,,,,172259,1024,rv,,rv,,4/23/2023 16:23,,https://news.yahoo.com/poll-trumps-big-post-indictment-bounce-is-fading-fast-183753992.html,https://news.yahoo.com/poll-trumps-big-post-indictment-bounce-is-fading-fast-183753992.html,,https://www.scribd.com/document/639900087/Yahoonews-Toplines-Crosstabs-20230417#,,,,46,48,6
82590,568,YouGov,352,Economist,YouGov,391,YouGov,3,-1.1,Online Panel,,,4/8/2023,4/11/2023,,,,171874,1500,a,,a,,4/12/2023 9:35,,https://docs.cdn.yougov.com/xh3jlkz43s/econtoplines.pdf,,https://docs.cdn.yougov.com/xh3jlkz43s/econtoplines.pdf,https://docs.cdn.yougov.com/bwbgbyvmsw/econTabReport.pdf,,,,43,40,16
82590,568,YouGov,352,Economist,YouGov,391,YouGov,3,-1.1,Online Panel,,,4/8/2023,4/11/2023,,,,171875,1322,rv,,rv,,4/12/2023 9:35,,https://docs.cdn.yougov.com/bwbgbyvmsw/econTabReport.pdf,,,https://docs.cdn.yougov.com/bwbgbyvmsw/econTabReport.pdf,,,,45,44,11
82974,568,YouGov,,,YouGov,391,YouGov,3,-1.1,Online Panel,,,4/5/2023,4/11/2023,,,,174236,2029,a,,a,,6/9/2023 10:07,,https://docs.cdn.yougov.com/cv6lbp28dm/scotus_poll_results.pdf,,,https://docs.cdn.yougov.com/cv6lbp28dm/scotus_poll_results.pdf,,,,45,28,27
82974,568,YouGov,,,YouGov,391,YouGov,3,-1.1,Online Panel,,,4/5/2023,4/11/2023,,,,174237,1571,rv,,rv,,6/9/2023 10:07,,https://docs.cdn.yougov.com/cv6lbp28dm/scotus_poll_results.pdf,,,https://docs.cdn.yougov.com/cv6lbp28dm/scotus_poll_results.pdf,,,,49,30,21
82534,568,YouGov,352,Economist,YouGov,391,YouGov,3,-1.1,Online Panel,,,4/1/2023,4/4/2023,,,,171677,1500,a,,a,,4/5/2023 9:10,,https://docs.cdn.yougov.com/7nnmpd3ir7/econtoplines.pdf,,https://docs.cdn.yougov.com/7nnmpd3ir7/econtoplines.pdf,https://docs.cdn.yougov.com/rk7vgq4qfq/econTabReport.pdf,,,,43,40,17
82534,568,YouGov,352,Economist,YouGov,391,YouGov,3,-1.1,Online Panel,,,4/1/2023,4/4/2023,,,,171678,1319,rv,,rv,,4/5/2023 9:10,,https://docs.cdn.yougov.com/rk7vgq4qfq/econTabReport.pdf,,,https://docs.cdn.yougov.com/rk7vgq4qfq/econTabReport.pdf,,,,46,42,11
82469,568,YouGov,352,Economist,YouGov,391,YouGov,3,-1.1,Online Panel,,,3/26/2023,3/28/2023,,,,171251,1500,a,,a,,3/29/2023 9:25,,https://docs.cdn.yougov.com/6z9bhe8ltv/econtoplines.pdf,,https://docs.cdn.yougov.com/6z9bhe8ltv/econtoplines.pdf,https://docs.cdn.yougov.com/nr7yjreihl/econTabReport.pdf,,,,42,40,17
82469,568,YouGov,352,Economist,YouGov,391,YouGov,3,-1.1,Online Panel,,,3/26/2023,3/28/2023,,,,171252,1310,rv,,rv,,3/29/2023 9:25,,https://docs.cdn.yougov.com/nr7yjreihl/econTabReport.pdf,,,https://docs.cdn.yougov.com/nr7yjreihl/econTabReport.pdf,,,,46,43,11
82470,1075,Marquette Law School,,,Marquette University Law School,195,Marquette University Law School,3,-1.1,Probability Panel,,,3/13/2023,3/22/2023,,,,171268,1004,a,,a,,3/29/2023 9:41,,https://law.marquette.edu/poll/wp-content/uploads/2023/03/MLSPSC13PressRelease_CourtIssues.pdf,https://law.marquette.edu/poll/wp-content/uploads/2023/03/MLSPSC13PressRelease_CourtIssues.pdf,https://law.marquette.edu/poll/wp-content/uploads/2023/03/MLSPSC13Toplines_CourtItems.html,https://law.marquette.edu/poll/wp-content/uploads/2023/03/MLSPSC13Crosstabs_CourtItems.html,,,,44,56,0
82470,1075,Marquette Law School,,,Marquette University Law School,195,Marquette University Law School,3,-1.1,Probability Panel,,,3/13/2023,3/22/2023,,,,171269,863,rv,,rv,,3/29/2023 9:41,,https://law.marquette.edu/poll/wp-content/uploads/2023/03/MLSPSC13PressRelease_CourtIssues.pdf,https://law.marquette.edu/poll/wp-content/uploads/2023/03/MLSPSC13PressRelease_CourtIssues.pdf,https://law.marquette.edu/poll/wp-content/uploads/2023/03/MLSPSC13Toplines_CourtItems.html,https://law.marquette.edu/poll/wp-content/uploads/2023/03/MLSPSC13Crosstabs_CourtItems.html,,,,44,56,0
82422,568,YouGov,352,Economist,YouGov,391,YouGov,3,-1.1,Online Panel,,,3/19/2023,3/21/2023,,,,170952,1500,a,,a,,3/22/2023 9:24,,https://docs.cdn.yougov.com/ab9lupqxrn/econtoplines.pdf,,https://docs.cdn.yougov.com/ab9lupqxrn/econtoplines.pdf,https://docs.cdn.yougov.com/ni3jnt30r2/econTabReport.pdf,,,,44,36,20
82422,568,YouGov,352,Economist,YouGov,391,YouGov,3,-1.1,Online Panel,,,3/19/2023,3/21/2023,,,,170953,1341,rv,,rv,,3/22/2023 9:24,,https://docs.cdn.yougov.com/ni3jnt30r2/econTabReport.pdf,,,https://docs.cdn.yougov.com/ni3jnt30r2/econTabReport.pdf,,,,46,41,12
82375,568,YouGov,352,Economist,YouGov,391,YouGov,3,-1.1,Online Panel,,,3/11/2023,3/14/2023,,,,170692,1500,a,,a,,3/15/2023 10:23,,https://docs.cdn.yougov.com/w24yzhnogx/econtoplines.pdf,,https://docs.cdn.yougov.com/w24yzhnogx/econtoplines.pdf,https://docs.cdn.yougov.com/kqdsel6n6j/econTabReport.pdf,,,,45,38,18
82375,568,YouGov,352,Economist,YouGov,391,YouGov,3,-1.1,Online Panel,,,3/11/2023,3/14/2023,,,,170693,1307,rv,,rv,,3/15/2023 10:23,,https://docs.cdn.yougov.com/kqdsel6n6j/econTabReport.pdf,,,https://docs.cdn.yougov.com/kqdsel6n6j/econTabReport.pdf,,,,48,40,12
82341,568,YouGov,352,Economist,YouGov,391,YouGov,3,-1.1,Online Panel,,,3/4/2023,3/7/2023,,,,170477,1500,a,,a,,3/8/2023 9:47,,https://docs.cdn.yougov.com/yprcsknawy/econtoplines.pdf,,https://docs.cdn.yougov.com/yprcsknawy/econtoplines.pdf,https://docs.cdn.yougov.com/sa25s832p5/econTabReport.pdf,,,,44,40,16
82341,568,YouGov,352,Economist,YouGov,391,YouGov,3,-1.1,Online Panel,,,3/4/2023,3/7/2023,,,,170478,1306,rv,,rv,,3/8/2023 9:47,,https://docs.cdn.yougov.com/sa25s832p5/econTabReport.pdf,,,https://docs.cdn.yougov.com/sa25s832p5/econTabReport.pdf,,,,47,43,11
82287,568,YouGov,352,Economist,YouGov,391,YouGov,3,-1.1,Online Panel,,,2/25/2023,2/28/2023,,,,169523,1500,a,,a,,3/1/2023 13:39,,https://docs.cdn.yougov.com/lq10bty4vr/econtoplines.pdf,,https://docs.cdn.yougov.com/lq10bty4vr/econtoplines.pdf,https://docs.cdn.yougov.com/ctq2ajcu3n/econTabReport.pdf,,,,39,41,20
82287,568,YouGov,352,Economist,YouGov,391,YouGov,3,-1.1,Online Panel,,,2/25/2023,2/28/2023,,,,169524,1302,rv,,rv,,3/1/2023 13:39,,https://docs.cdn.yougov.com/ctq2ajcu3n/econTabReport.pdf,,,https://docs.cdn.yougov.com/ctq2ajcu3n/econTabReport.pdf,,,,42,44,13
82236,568,YouGov,352,Economist,YouGov,391,YouGov,3,-1.1,Online Panel,,,2/20/2023,2/21/2023,,,,169134,1500,a,,a,,2/22/2023 9:48,,https://docs.cdn.yougov.com/2v3vq7dmv4/econtoplines.pdf,,https://docs.cdn.yougov.com/2v3vq7dmv4/econtoplines.pdf,https://docs.cdn.yougov.com/lt3qbl33wm/econTabReport.pdf,,,,41,41,18
82236,568,YouGov,352,Economist,YouGov,391,YouGov,3,-1.1,Online Panel,,,2/20/2023,2/21/2023,,,,169135,1315,rv,,rv,,2/22/2023 9:48,,https://docs.cdn.yougov.com/lt3qbl33wm/econTabReport.pdf,,,https://docs.cdn.yougov.com/lt3qbl33wm/econTabReport.pdf,,,,45,44,11
82201,568,YouGov,352,Economist,YouGov,391,YouGov,3,-1.1,Online Panel,,,2/11/2023,2/14/2023,,,,168951,1500,a,,a,,2/15/2023 11:42,,https://docs.cdn.yougov.com/6c9yo78fw1/econtoplines.pdf,,https://docs.cdn.yougov.com/6c9yo78fw1/econtoplines.pdf,https://docs.cdn.yougov.com/dj0b2hnbf2/econTabReport.pdf,,,,41,40,19
82201,568,YouGov,352,Economist,YouGov,391,YouGov,3,-1.1,Online Panel,,,2/11/2023,2/14/2023,,,,168952,1319,rv,,rv,,2/15/2023 11:42,,https://docs.cdn.yougov.com/dj0b2hnbf2/econTabReport.pdf,,,https://docs.cdn.yougov.com/dj0b2hnbf2/econTabReport.pdf,,,,44,44,12
82126,568,YouGov,352,Economist,YouGov,391,YouGov,3,-1.1,Online Panel,,,2/4/2023,2/7/2023,,,,168006,1500,a,,a,,2/8/2023 9:27,,https://docs.cdn.yougov.com/gsfav7gghv/econtoplines.pdf,,https://docs.cdn.yougov.com/gsfav7gghv/econtoplines.pdf,https://docs.cdn.yougov.com/gg0t2njevs/econTabReport.pdf,,,,41,39,20
82126,568,YouGov,352,Economist,YouGov,391,YouGov,3,-1.1,Online Panel,,,2/4/2023,2/7/2023,,,,168007,1294,rv,,rv,,2/8/2023 9:27,,https://docs.cdn.yougov.com/gg0t2njevs/econTabReport.pdf,,,https://docs.cdn.yougov.com/gg0t2njevs/econTabReport.pdf,,,,46,43,11
82091,568,YouGov,352,Economist,YouGov,391,YouGov,3,-1.1,Online Panel,,,1/29/2023,1/31/2023,,,,167856,1500,a,,a,,2/1/2023 10:13,,https://docs.cdn.yougov.com/hakymqbmww/econtoplines.pdf,,https://docs.cdn.yougov.com/hakymqbmww/econtoplines.pdf,https://docs.cdn.yougov.com/sqkyqhgbfz/econTabReport.pdf,,,,36,42,22
82091,568,YouGov,352,Economist,YouGov,391,YouGov,3,-1.1,Online Panel,,,1/29/2023,1/31/2023,,,,167857,1319,rv,,rv,,2/1/2023 10:13,,https://docs.cdn.yougov.com/sqkyqhgbfz/econTabReport.pdf,,,https://docs.cdn.yougov.com/sqkyqhgbfz/econTabReport.pdf,,,,40,44,14
82095,1597,Beacon/Shaw,149,FOX News,Beacon Research/Shaw & Company Research,103,Beacon Research/Shaw & Co. Research,2.8,-1.1,Live Phone,,,1/27/2023,1/30/2023,,,,167891,1003,rv,,rv,,2/1/2023 19:07,,https://www.foxnews.com/official-polls/fox-news-poll-state-union-dysfunction-dissatisfaction-disapproval,https://www.foxnews.com/official-polls/fox-news-poll-state-union-dysfunction-dissatisfaction-disapproval,https://static.foxnews.com/foxnews.com/content/uploads/2023/02/Fox_January-27-30-2023_National_Topline_February-1-Release.pdf,https://static.foxnews.com/foxnews.com/content/uploads/2023/02/Fox_January-27-30-2023_National_Cross-Tabs_February-1-Release.pdf,,FALSE,,41,53,6
82044,568,YouGov,352,Economist,YouGov,391,YouGov,3,-1.1,Online Panel,,,1/21/2023,1/24/2023,,,,167513,1500,a,,a,,1/25/2023 9:32,,https://docs.cdn.yougov.com/wl1juxd6zw/econtoplines.pdf,,https://docs.cdn.yougov.com/wl1juxd6zw/econtoplines.pdf,https://docs.cdn.yougov.com/b0nx6h2f1n/econTabReport.pdf,,,,39,41,20
82044,568,YouGov,352,Economist,YouGov,391,YouGov,3,-1.1,Online Panel,,,1/21/2023,1/24/2023,,,,167514,1330,rv,,rv,,1/25/2023 9:32,,https://docs.cdn.yougov.com/b0nx6h2f1n/econTabReport.pdf,,,https://docs.cdn.yougov.com/b0nx6h2f1n/econTabReport.pdf,,,,44,43,13
82046,1075,Marquette Law School,,,Marquette University Law School,195,Marquette University Law School,3,-1.1,Probability Panel,,,1/9/2023,1/20/2023,,,,167548,1000,a,,a,,1/25/2023 15:23,,https://law.marquette.edu/poll/2023/01/25/new-marquette-law-school-national-survey-finds-overall-approval-of-u-s-supreme-court-has-ticked-up-from-post-dobbs-low-six-months-ago/,https://law.marquette.edu/poll/2023/01/25/new-marquette-law-school-national-survey-finds-overall-approval-of-u-s-supreme-court-has-ticked-up-from-post-dobbs-low-six-months-ago/,https://law.marquette.edu/poll/wp-content/uploads/2023/01/MLSPSC12Toplines_CourtItems.html#B2:_Supreme_Court_approval,https://law.marquette.edu/poll/wp-content/uploads/2023/01/MLSPSC12Crosstabs_CourtItems.html,,,,47,53,0
82046,1075,Marquette Law School,,,Marquette University Law School,195,Marquette University Law School,3,-1.1,Probability Panel,,,1/9/2023,1/20/2023,,,,167600,790,rv,,rv,,1/26/2023 9:54,,https://law.marquette.edu/poll/wp-content/uploads/2023/01/MLSPSC12PressRelease_NationalIssues.pdf,https://law.marquette.edu/poll/wp-content/uploads/2023/01/MLSPSC12PressRelease_NationalIssues.pdf,https://law.marquette.edu/poll/wp-content/uploads/2023/01/MLSPSC12ToplinesRV.html,https://law.marquette.edu/poll/wp-content/uploads/2023/01/MLSPSC12CrosstabsRV.html,,,,48,52,0
81997,568,YouGov,352,Economist,YouGov,391,YouGov,3,-1.1,Online Panel,,,1/14/2023,1/17/2023,,,,167183,1500,a,,a,,1/18/2023 11:46,,https://docs.cdn.yougov.com/lcaevasr2o/econtoplines.pdf,,https://docs.cdn.yougov.com/lcaevasr2o/econtoplines.pdf,https://docs.cdn.yougov.com/52ob991rpr/econTabReport.pdf,,,,45,36,19
81997,568,YouGov,352,Economist,YouGov,391,YouGov,3,-1.1,Online Panel,,,1/14/2023,1/17/2023,,,,167184,1314,rv,,rv,,1/18/2023 11:46,,https://docs.cdn.yougov.com/52ob991rpr/econTabReport.pdf,,,https://docs.cdn.yougov.com/52ob991rpr/econTabReport.pdf,,,,50,39,11
81966,568,YouGov,352,Economist,YouGov,391,YouGov,3,-1.1,Online Panel,,,1/8/2023,1/10/2023,,,,167064,1500,a,,a,,1/11/2023 10:30,,https://docs.cdn.yougov.com/uo5683gvco/econtoplines.pdf,,https://docs.cdn.yougov.com/uo5683gvco/econtoplines.pdf,https://docs.cdn.yougov.com/6ig3yyjvb9/econTabReport.pdf,,,,41,39,20
81966,568,YouGov,352,Economist,YouGov,391,YouGov,3,-1.1,Online Panel,,,1/8/2023,1/10/2023,,,,167065,1356,rv,,rv,,1/11/2023 10:30,,https://docs.cdn.yougov.com/6ig3yyjvb9/econTabReport.pdf,,,https://docs.cdn.yougov.com/6ig3yyjvb9/econTabReport.pdf,,,,46,41,14
81978,1888,UMass Amherst/YouGov,,,University of Massachusetts Department of Political Science/YouGov,861,University of Massachusetts Department of Political Science/YouGov,2.4,-0.4,Online Panel,,,1/5/2023,1/9/2023,,,,167130,1000,a,,a,,1/17/2023 13:53,,https://polsci.umass.edu/toplines-and-crosstabs-jan-2023-biden-performance-2024-democrat-primaries-abortion-and-gun-control,https://polsci.umass.edu/toplines-and-crosstabs-jan-2023-biden-performance-2024-democrat-primaries-abortion-and-gun-control,https://polsci.umass.edu/sites/default/files/BidenToplinesJanuaryNational2023.pdf,https://polsci.umass.edu/sites/default/files/BidenJanuary2023NationalCrosstabs.pdf,,FALSE,,42,46,13
81923,568,YouGov,352,Economist,YouGov,391,YouGov,3,-1.1,Online Panel,,,12/31/2022,1/3/2023,,,,166921,1500,a,,a,,1/4/2023 11:49,,https://docs.cdn.yougov.com/ojnkvlmfiq/econtoplines.pdf,,https://docs.cdn.yougov.com/ojnkvlmfiq/econtoplines.pdf,https://docs.cdn.yougov.com/0g9mwkpaky/econTabReport.pdf,,,,40,41,19
81923,568,YouGov,352,Economist,YouGov,391,YouGov,3,-1.1,Online Panel,,,12/31/2022,1/3/2023,,,,166922,1301,rv,,rv,,1/4/2023 11:49,,https://docs.cdn.yougov.com/0g9mwkpaky/econTabReport.pdf,,,https://docs.cdn.yougov.com/0g9mwkpaky/econTabReport.pdf,,,,45,43,12
81873,568,YouGov,352,Economist,YouGov,391,YouGov,3,-1.1,Online Panel,,,12/17/2022,12/20/2022,,,,166598,1500,a,,a,,12/21/2022 9:26,,https://docs.cdn.yougov.com/c5o6xiw8t9/econtoplines.pdf,,https://docs.cdn.yougov.com/c5o6xiw8t9/econtoplines.pdf,https://docs.cdn.yougov.com/by8wjw1hur/econTabReport.pdf,,,,41,40,18
81873,568,YouGov,352,Economist,YouGov,391,YouGov,3,-1.1,Online Panel,,,12/17/2022,12/20/2022,,,,166599,1321,rv,,rv,,12/21/2022 9:26,,https://docs.cdn.yougov.com/by8wjw1hur/econTabReport.pdf,,,https://docs.cdn.yougov.com/by8wjw1hur/econTabReport.pdf,,,,48,43,9
81826,568,YouGov,352,Economist,YouGov,391,YouGov,3,-1.1,Online Panel,,,12/10/2022,12/13/2022,,,,166282,1500,a,,a,,12/14/2022 10:38,,https://docs.cdn.yougov.com/b94ttrxy3v/econtoplines.pdf,,https://docs.cdn.yougov.com/b94ttrxy3v/econtoplines.pdf,https://docs.cdn.yougov.com/urts2xadfd/econTabReport.pdf,,,,37,42,20
81826,568,YouGov,352,Economist,YouGov,391,YouGov,3,-1.1,Online Panel,,,12/10/2022,12/13/2022,,,,166283,1338,rv,,rv,,12/14/2022 10:38,,https://docs.cdn.yougov.com/urts2xadfd/econTabReport.pdf,,,https://docs.cdn.yougov.com/urts2xadfd/econTabReport.pdf,,,,44,45,11
81830,396,Quinnipiac,,,Quinnipiac University,267,Quinnipiac University,2.8,-0.5,Live Phone,,,12/8/2022,12/12/2022,,,,166314,1614,a,,a,,12/14/2022 14:12,,https://poll.qu.edu/poll-release?releaseid=3863,,,https://poll.qu.edu/poll-release?releaseid=3863,,,,35,54,11
81830,396,Quinnipiac,,,Quinnipiac University,267,Quinnipiac University,2.8,-0.5,Live Phone,,,12/8/2022,12/12/2022,,,,166315,1456,rv,,rv,,12/14/2022 14:12,,https://poll.qu.edu/poll-release?releaseid=3863,,,https://poll.qu.edu/poll-release?releaseid=3863,,,,36,55,9
81769,568,YouGov,352,Economist,YouGov,391,YouGov,3,-1.1,Online Panel,,,12/3/2022,12/6/2022,,,,166032,1500,a,,a,,12/7/2022 10:44,,https://docs.cdn.yougov.com/dshfq4wqyr/econtoplines.pdf,,https://docs.cdn.yougov.com/dshfq4wqyr/econtoplines.pdf,https://docs.cdn.yougov.com/qsanp37uhh/econTabReport.pdf,,,,38,45,17
81769,568,YouGov,352,Economist,YouGov,391,YouGov,3,-1.1,Online Panel,,,12/3/2022,12/6/2022,,,,166033,1332,rv,,rv,,12/7/2022 10:44,,https://docs.cdn.yougov.com/qsanp37uhh/econTabReport.pdf,,,https://docs.cdn.yougov.com/qsanp37uhh/econTabReport.pdf,,,,43,46,11
81724,568,YouGov,352,Economist,YouGov,391,YouGov,3,-1.1,Online Panel,,,11/26/2022,11/29/2022,,,,165814,1500,a,,a,,11/30/2022 9:25,,https://docs.cdn.yougov.com/2zebcvjoec/econtoplines.pdf,,https://docs.cdn.yougov.com/2zebcvjoec/econtoplines.pdf,https://docs.cdn.yougov.com/3jonl2kylh/econTabReport.pdf,,,,37,41,23
81724,568,YouGov,352,Economist,YouGov,391,YouGov,3,-1.1,Online Panel,,,11/26/2022,11/29/2022,,,,165815,1319,rv,,rv,,11/30/2022 9:25,,https://docs.cdn.yougov.com/3jonl2kylh/econTabReport.pdf,,,https://docs.cdn.yougov.com/3jonl2kylh/econTabReport.pdf,,,,43,45,12
81706,568,YouGov,352,Economist,YouGov,391,YouGov,3,-1.1,Online Panel,,,11/19/2022,11/22/2022,,,,165762,1500,a,,a,,11/23/2022 8:52,,https://docs.cdn.yougov.com/5wsputvmjl/econtoplines.pdf,,https://docs.cdn.yougov.com/5wsputvmjl/econtoplines.pdf,https://docs.cdn.yougov.com/h45mt3xoby/econTabReport.pdf,,,,41,37,22
81706,568,YouGov,352,Economist,YouGov,391,YouGov,3,-1.1,Online Panel,,,11/19/2022,11/22/2022,,,,165763,1296,rv,,rv,,11/23/2022 8:52,,https://docs.cdn.yougov.com/h45mt3xoby/econTabReport.pdf,,,https://docs.cdn.yougov.com/h45mt3xoby/econTabReport.pdf,,,,47,40,12
81725,1075,Marquette Law School,,,Marquette University Law School,195,Marquette University Law School,3,-1.1,Probability Panel,,,11/15/2022,11/22/2022,,,,165819,1004,a,,a,,11/30/2022 9:25,,https://law.marquette.edu/poll/wp-content/uploads/2022/11/MLSPSC11PressRelease_CourtIssues.pdf,https://law.marquette.edu/poll/wp-content/uploads/2022/11/MLSPSC11PressRelease_CourtIssues.pdf,https://law.marquette.edu/poll/wp-content/uploads/2022/11/MLSPSC11Toplines_CourtItems.html,https://www.dropbox.com/s/nciwtsuebfetbn1/MLSPSC11Crosstabs_CourtItems.html?dl=1,,,,44,56,0
81725,1075,Marquette Law School,,,Marquette University Law School,195,Marquette University Law School,3,-1.1,Probability Panel,,,11/15/2022,11/22/2022,,,,165880,840,rv,,rv,,12/1/2022 9:35,,https://law.marquette.edu/poll/wp-content/uploads/2022/12/MLSPSC11PressRelease_NationalIssues.pdf,https://law.marquette.edu/poll/wp-content/uploads/2022/12/MLSPSC11PressRelease_NationalIssues.pdf,https://law.marquette.edu/poll/wp-content/uploads/2022/12/MLSPSC11ToplinesRV.html,https://law.marquette.edu/poll/category/results-and-data/,,,,44,56,0
81670,568,YouGov,352,Economist,YouGov,391,YouGov,3,-1.1,Online Panel,,,11/13/2022,11/15/2022,,,,165491,1500,a,,a,,11/16/2022 11:46,,https://docs.cdn.yougov.com/l4uezifj5w/econtoplines.pdf,,https://docs.cdn.yougov.com/l4uezifj5w/econtoplines.pdf,https://docs.cdn.yougov.com/gebmjsbpbw/econTabReport.pdf,,,,42,41,16
81670,568,YouGov,352,Economist,YouGov,391,YouGov,3,-1.1,Online Panel,,,11/13/2022,11/15/2022,,,,165492,1287,rv,,rv,,11/16/2022 11:46,,https://docs.cdn.yougov.com/gebmjsbpbw/econTabReport.pdf,,,https://docs.cdn.yougov.com/gebmjsbpbw/econTabReport.pdf,,,,45,46,9
